timestamp,cpu_percent,arm_mhz,core_mhz,h264_mhz,isp_mhz,v3d_mhz,uart_mhz,pwm_mhz,emmc_mhz,pixel_mhz,vec_mhz,hdmi_mhz,dpi_mhz,arm_temp,core_volt,sdram_c_volt,sdram_i_volt,sdram_p_volt,3V7_WL_SW_A,3V3_SYS_A,1V8_SYS_A,DDR_VDD2_A,DDR_VDDQ_A,1V1_SYS_A,0V8_SW_A,VDD_CORE_A,3V3_DAC_A,3V3_ADC_A,0V8_AON_A,HDMI_A,3V7_WL_SW_V,3V3_SYS_V,1V8_SYS_V,DDR_VDD2_V,DDR_VDDQ_V,1V1_SYS_V,0V8_SW_V,VDD_CORE_V,3V3_DAC_V,3V3_ADC_V,0V8_AON_V,HDMI_V,EXT5V_V,BATT_V,readmr_4,readmr_5,readmr_6,readmr_8,throttle_hex,UV,ArmFreqCap,CurThrottle,SoftTempLimit,UV_occured,ArmFreqCap_occured,Throttle_occured,SoftTempLimit_occured
2026-04-14 10:51:15,0.0,1500,500,,500,500,44,,200,,,648,,58.7,0.7200,0.6000,0.6000,1.1000,0.00000000,0.09759300,0.16200440,0.00487965,0.00000000,0.20592120,0.34645520,1.00016000,0.00000000,0.00000000,0.00317460,0.02429790,3.60883600,3.31003300,1.80121900,1.10805800,0.60549390,1.10439400,0.80292960,0.72178200,3.31501500,3.31684600,0.80029220,5.04778000,5.03974000,0.00000000, 2, 255, 7, 24,0x0,No,No,No,No,No,No,No,No
2026-04-14 10:51:17,0.2,1500,500,,500,500,43,,200,,,648,,57.6,0.7200,0.6000,0.6000,1.1000,0.00000000,0.10149670,0.16200440,0.00683151,0.00000000,0.20299340,0.34547920,0.99122990,0.00000000,0.00000000,0.00299145,0.02405370,3.59213300,3.30910500,1.80073100,1.10769100,0.60292980,1.10805800,0.80073180,0.72231920,3.31684600,3.31684600,0.80058540,5.04108000,5.04778000,0.00000000, 2, 255, 7, 24,0x0,No,No,No,No,No,No,No,No
2026-04-14 10:51:19,0.0,1500,500,,500,500,43,,200,,,648,,58.2,0.7200,0.6000,0.6000,1.1000,0.00000000,0.09954486,0.16200440,0.00585558,0.00000000,0.20299340,0.34645520,0.98229990,0.00000000,0.00000000,0.00305250,0.02454210,3.57728600,3.30817700,1.80170800,1.10439400,0.60586020,1.10769100,0.80073180,0.72205060,3.31593100,3.31684600,0.79999920,4.99552000,5.00892000,0.00000000, 2, 255, 7, 24,0x0,No,No,No,No,No,No,No,No
2026-04-14 10:51:21,3.8,2000,910,,910,960,44,,200,,,648,,58.7,0.8763,0.6000,0.6000,1.1000,0.00000000,0.09856894,0.16786000,0.00683151,0.00000000,0.20396940,0.34645520,1.51810000,0.00000000,0.00000000,0.00299145,0.02454210,3.58099800,3.30724900,1.80024200,1.10732500,0.59963310,1.10732500,0.80073180,0.88349120,3.31684600,3.31593100,0.79999920,4.99284000,4.97274000,0.00000000, 2, 255, 7, 24,0x0,No,No,No,No,No,No,No,No
2026-04-14 10:51:24,3.3,2000,910,,910,960,44,,200,,,648,,59.3,0.8763,0.6000,0.6000,1.1000,0.00000000,0.09759300,0.16883590,0.00780744,0.00000000,0.20689720,0.34450330,1.53596000,0.00000000,0.00000000,0.00311355,0.02442000,3.59770100,3.30910500,1.80268400,1.11172000,0.60622650,1.10695900,0.80183080,0.88349120,3.31593100,3.31684600,0.79999920,4.98346000,4.97140000,0.00000000, 2, 255, 7, 24,0x0,No,No,No,No,No,No,No,No
2026-04-14 10:51:26,0.0,2000,910,,910,960,44,,200,,,648,,60.4,0.8763,0.6000,0.6000,1.1000,0.00000000,0.10052080,0.16688400,0.00487965,0.00000000,0.20396940,0.45966300,1.55382000,0.00000000,0.00000000,0.00286935,0.02454210,3.60419700,3.30910500,1.80170800,1.10695900,0.60549390,1.11062200,0.80073180,0.88349120,3.31593100,3.31684600,0.79999920,5.01964000,5.01830000,0.00000000, 2, 255, 7, 24,0x0,No,No,No,No,No,No,No,No
2026-04-14 10:51:28,2.0,2000,910,,910,960,44,,200,,,648,,59.3,0.8763,0.6000,0.6000,1.1000,0.00000000,0.09759300,0.16883590,0.00487965,0.00000000,0.20592120,0.34450330,1.52703000,0.00000000,0.00000000,0.00311355,0.02405370,3.57635800,3.30817700,1.80170800,1.10695900,0.60622650,1.11062200,0.80219700,0.88349120,3.31776200,3.31776200,0.80029220,4.98346000,4.97274000,0.00000000, 2, 255, 7, 24,0x0,No,No,No,No,No,No,No,No
2026-04-14 10:51:30,0.0,2000,910,,910,960,44,,200,,,648,,60.9,0.8763,0.6000,0.6000,1.1000,0.00000000,0.10442450,0.16883590,0.00878337,0.00000000,0.20494530,0.34450330,1.54489000,0.00000000,0.00000000,0.00299145,0.02429790,3.57914200,3.31003300,1.80073100,1.10695900,0.60512760,1.11062200,0.80219700,0.88349120,3.31684600,3.31776200,0.79999920,4.98480000,4.97542000,0.00000000, 2, 255, 7, 24,0x0,No,No,No,No,No,No,No,No
2026-04-14 10:51:32,0.0,1500,500,,500,500,44,,200,,,648,,59.3,0.7200,0.6000,0.6000,1.1000,0.00000000,0.09954486,0.16395620,0.00780744,0.00000000,0.20592120,0.34547920,1.02695000,0.00000000,0.00000000,0.00286935,0.02429790,3.60419700,3.31096100,1.80073100,1.11355200,0.60512760,1.10439400,0.80073180,0.72205060,3.31593100,3.31684600,0.80029220,5.00222000,5.00624000,0.00000000, 2, 255, 7, 24,0x0,No,No,No,No,No,No,No,No
2026-04-14 10:51:34,0.0,2000,910,,910,960,44,,200,,,648,,59.8,0.8763,0.6000,0.6000,1.1000,0.00000000,0.09759300,0.16688400,0.00780744,0.00000000,0.20689720,0.34352740,1.55382000,0.00000000,0.00000000,0.00311355,0.02454210,3.60234100,3.31003300,1.80121900,1.10879000,0.60586020,1.10988900,0.80036550,0.88375980,3.31684600,3.31776200,0.80029220,5.01830000,5.01428000,0.00000000, 2, 255, 7, 24,0x0,No,No,No,No,No,No,No,No
2026-04-14 10:51:36,0.5,2000,910,,910,960,44,,200,,,648,,59.3,0.8763,0.6000,0.6000,1.1000,0.00000000,0.10930420,0.16786000,0.00390372,0.00000000,0.20299340,0.34450330,1.53596000,0.00000000,0.00000000,0.00299145,0.02405370,3.54944700,3.31003300,1.80073100,1.10769100,0.60549390,1.10622600,0.80073180,0.88402840,3.31593100,3.31867800,0.80117140,4.96872000,4.95666000,0.00000000, 2, 255, 7, 24,0x0,No,No,No,No,No,No,No,No
2026-04-14 10:51:39,9.0,1600,582,,582,592,44,,200,,,648,,60.4,0.7663,0.6000,0.6000,1.1000,0.00000000,0.12882280,0.16688400,0.01366302,0.00000000,0.36402190,0.50065210,1.16983000,0.00000000,0.00000000,0.00305250,0.02466420,3.53274400,3.30910500,1.80073100,1.10549400,0.59926680,1.10622600,0.79926660,0.77308840,3.31593100,3.31593100,0.80058540,4.85616000,4.92584000,0.00000000, 2, 255, 7, 24,0x0,No,No,No,No,No,No,No,No
2026-04-14 10:51:41,7.3,1600,582,,582,592,44,,200,,,648,,59.3,0.7663,0.6000,0.6000,1.1000,0.00000000,0.12394310,0.16786000,0.01171116,0.00000000,0.37573300,0.50357990,1.15197000,0.00000000,0.00000000,0.00311355,0.02490840,3.56243800,3.30910500,1.80219600,1.11208700,0.59963310,1.10439400,0.79816780,0.77228250,3.31593100,3.31776200,0.80058540,4.92584000,4.94728000,0.00000000, 2, 255, 7, 24,0x0,No,No,No,No,No,No,No,No
2026-04-14 10:51:43,7.3,1600,582,,582,592,44,,200,,,648,,59.3,0.7663,0.6000,0.6000,1.1000,0.00000000,0.12784680,0.16786000,0.01073523,0.00000000,0.36402190,0.50162800,1.68777000,0.00000000,0.00000000,0.00311355,0.02454210,3.55965400,3.30910500,1.80073100,1.11062200,0.60292980,1.10439400,0.79853400,0.77281980,3.31501500,3.31684600,0.80058540,4.85750000,4.87760000,0.00000000, 2, 255, 7, 24,0x0,No,No,No,No,No,No,No,No
2026-04-14 10:51:45,9.0,1600,582,,582,592,44,,199,,,648,,60.9,0.7663,0.6000,0.6000,1.1000,0.00000000,0.13565430,0.16493220,0.00683151,0.00000000,0.36597380,0.50553170,1.68777000,0.00000000,0.00000000,0.00286935,0.02442000,3.56522200,3.31003300,1.80170800,1.11025500,0.60366240,1.10476100,0.79853400,0.77281980,3.31684600,3.31776200,0.80058540,4.90842000,4.84544000,0.00000000, 2, 255, 7, 24,0x0,No,No,No,No,No,No,No,No
2026-04-14 10:51:47,7.3,1600,582,,582,592,44,,200,,,648,,59.8,0.7663,0.6000,0.6000,1.1000,0.00000000,0.13467840,0.16298030,0.00975930,0.00000000,0.36597380,0.50455580,1.16090000,0.00000000,0.00000000,0.00317460,0.02454210,3.54851900,3.31096100,1.80121900,1.11062200,0.59890050,1.10439400,0.79890030,0.77308840,3.31501500,3.31867800,0.80029220,4.94594000,4.91914000,0.00000000, 2, 255, 7, 24,0x0,No,No,No,No,No,No,No,No
2026-04-14 10:51:49,7.5,1600,582,,582,592,44,,200,,,648,,59.8,0.7663,0.6000,0.6000,1.1000,0.00000000,0.12687090,0.16590810,0.01366302,0.00000000,0.36792560,0.50357990,1.16090000,0.00000000,0.00000000,0.00311355,0.02442000,3.55130300,3.31003300,1.80024200,1.11135400,0.60036570,1.10439400,0.79816780,0.77308840,3.31409900,3.31593100,0.80029220,4.88296000,4.89770000,0.00000000, 2, 255, 7, 24,0x0,No,No,No,No,No,No,No,No
2026-04-14 10:51:51,5.5,2000,910,,910,960,44,,200,,,648,,60.9,0.8763,0.6000,0.6000,1.1000,0.00000000,0.12687090,0.16786000,0.01171116,0.00000000,0.36402190,0.50162800,1.58061000,0.00000000,0.00000000,0.00317460,0.02454210,3.55223100,3.30817700,1.80121900,1.10695900,0.60109830,1.10512700,0.79890030,0.88402840,3.31593100,3.31776200,0.80029220,4.92852000,4.86688000,0.00000000, 2, 255, 7, 24,0x0,No,No,No,No,No,No,No,No
2026-04-14 10:51:54,6.0,2000,910,,910,960,44,,200,,,648,,60.9,0.8763,0.6000,0.6000,1.1000,0.00000000,0.12687090,0.16883590,0.00878337,0.00000000,0.36402190,0.50162800,1.58954000,0.00000000,0.00000000,0.00341880,0.02454210,3.55594200,3.31003300,1.80121900,1.11208700,0.60073200,1.10476100,0.79890030,0.88349120,3.31867800,3.31684600,0.80058540,4.91780000,4.93120000,0.00000000, 2, 255, 7, 24,0x0,No,No,No,No,No,No,No,No
2026-04-14 10:51:56,11.2,2000,910,,910,960,44,,200,,,648,,61.5,0.8763,0.6000,0.6000,1.1000,0.00000000,0.12687090,0.16883590,0.00975930,0.00000000,0.36694970,0.50650770,1.58954000,0.00000000,0.00000000,0.00286935,0.02429790,3.54759100,3.30817700,1.80073100,1.11062200,0.60183090,1.10512700,0.79890030,0.88349120,3.31593100,3.31776200,0.80029220,4.93120000,4.84946000,0.00000000, 2, 255, 7, 24,0x0,No,No,No,No,No,No,No,No
2026-04-14 10:51:58,6.0,2000,910,,910,960,44,,200,,,648,,61.5,0.8763,0.6000,0.6000,1.1000,0.00000000,0.12491900,0.16688400,0.00878337,0.00000000,0.36499780,0.50357990,1.60740000,0.00000000,0.00000000,0.00305250,0.02442000,3.55130300,3.31838500,1.80121900,1.10732500,0.60439500,1.10622600,0.79926660,0.88349120,3.31684600,3.31684600,0.80058540,4.92986000,4.92986000,0.00000000, 2, 255, 7, 24,0x0,No,No,No,No,No,No,No,No
2026-04-14 10:52:00,13.9,2000,910,,910,960,44,,200,,,648,,60.4,0.8763,0.6000,0.6000,1.1000,0.00000000,0.12687090,0.17761930,0.11418380,0.00245100,0.36402190,0.54164120,2.76830000,0.00000000,0.00000000,0.00311355,0.02417580,3.51882400,3.30910500,1.80121900,1.10439400,0.60219720,1.10476100,0.79926660,0.88375980,3.31684600,3.31776200,0.79999920,4.90440000,4.83606000,0.00000000, 2, 255, 7, 24,0x0,No,No,No,No,No,No,No,No
2026-04-14 10:52:02,6.0,2000,910,,910,960,44,,200,,,648,,62.0,0.8763,0.6000,0.6000,1.1000,0.00000000,0.12589500,0.16786000,0.01268709,0.00000000,0.36597380,0.50455580,1.62526000,0.00000000,0.00000000,0.00311355,0.02454210,3.54851900,3.31003300,1.80121900,1.10732500,0.60586020,1.10439400,0.79890030,0.88375980,3.31684600,3.31776200,0.80029220,4.88430000,4.94058000,0.00000000, 2, 255, 7, 24,0x0,No,No,No,No,No,No,No,No
2026-04-14 10:52:04,6.0,2000,910,,910,960,44,,200,,,648,,63.1,0.8763,0.6000,0.6000,1.1000,0.00000000,0.14150990,0.16786000,0.00780744,0.00000000,0.36499780,0.50553170,1.61633000,0.00000000,0.00000000,0.00299145,0.02478630,3.56986200,3.31096100,1.80170800,1.10439400,0.60036570,1.10439400,0.79926660,0.88402840,3.31684600,3.31684600,0.80058540,4.95130000,4.94192000,0.00000000, 2, 255, 7, 24,0x0,No,No,No,No,No,No,No,No
2026-04-14 10:52:06,7.8,1600,582,,582,592,44,,200,,,648,,61.5,0.7663,0.6000,0.6000,1.1000,0.00000000,0.12296720,0.16688400,0.00683151,0.00000000,0.38061270,0.50260400,1.19662000,0.00000000,0.00000000,0.00286935,0.02442000,3.55315900,3.30817700,1.80073100,1.10805800,0.60292980,1.10586000,0.79963290,0.77308840,3.31593100,3.31776200,0.80029220,4.89234000,4.91914000,0.00000000, 2, 255, 7, 24,0x0,No,No,No,No,No,No,No,No
2026-04-14 10:52:09,7.3,1600,582,,582,592,44,,200,,,648,,61.5,0.7663,0.6000,0.6000,1.1000,0.00000000,0.12784680,0.16786000,0.01463895,0.00000000,0.36304600,0.50065210,1.71456000,0.00000000,0.00000000,0.00286935,0.02442000,3.55130300,3.31188900,1.80219600,1.10439400,0.60146460,1.10402800,0.79890030,0.77255120,3.31684600,3.31867800,0.80117140,4.88832000,4.95264000,0.00000000, 2, 255, 7, 24,0x0,No,No,No,No,No,No,No,No
2026-04-14 10:52:11,7.7,1600,582,,582,592,44,,200,,,648,,60.9,0.7663,0.6000,0.6000,1.1000,0.00195186,0.13272650,0.16786000,0.01366302,0.00000000,0.36499780,0.50357990,1.69670000,0.00000000,0.00000000,0.00311355,0.02429790,3.56986200,3.31096100,1.80073100,1.11098800,0.60109830,1.10439400,0.79963290,0.77255120,3.31684600,3.31684600,0.80029220,4.95264000,4.88966000,0.00000000, 2, 255, 7, 24,0x0,No,No,No,No,No,No,No,No
2026-04-14 10:52:13,7.3,2000,910,,910,960,44,,200,,,648,,62.0,0.8763,0.6000,0.6000,1.1000,0.00000000,0.12882280,0.16688400,0.00683151,0.00000000,0.36304600,0.50553170,2.40217000,0.00000000,0.00000000,0.00305250,0.02466420,3.56429400,3.31374500,1.80073100,1.11355200,0.60695910,1.10622600,0.79963290,0.88322260,3.31593100,3.31776200,0.80117140,4.95264000,4.88832000,0.00000000, 2, 255, 7, 24,0x0,No,No,No,No,No,No,No,No
2026-04-14 10:52:15,6.0,2000,910,,910,960,44,,200,,,648,,62.0,0.8763,0.6000,0.6000,1.1000,0.00000000,0.12784680,0.16981180,0.01073523,0.00000000,0.36402190,0.50162800,2.42003000,0.00000000,0.00000000,0.00299145,0.02429790,3.56707800,3.31003300,1.80170800,1.10879000,0.60586020,1.10402800,0.79890030,0.88349120,3.31501500,3.31684600,0.80058540,4.93924000,4.88564000,0.00000000, 2, 255, 7, 24,0x0,No,No,No,No,No,No,No,No
2026-04-14 10:52:17,7.0,1600,582,,582,592,43,,200,,,648,,63.1,0.7663,0.6000,0.6000,1.1000,0.00000000,0.12491900,0.16688400,0.03122976,0.00000000,0.36597380,0.50357990,1.71456000,0.00000000,0.00000000,0.00323565,0.02466420,3.56336600,3.31003300,1.80317300,1.10439400,0.59853420,1.10439400,0.79999920,0.77308840,3.31593100,3.31776200,0.80029220,4.90708000,4.86554000,0.00000000, 2, 255, 7, 24,0x0,No,No,No,No,No,No,No,No
2026-04-14 10:52:19,7.3,1600,582,,582,592,44,,200,,,648,,60.9,0.7663,0.6000,0.6000,1.1000,0.00000000,0.12687090,0.16688400,0.01561488,0.00000000,0.36499780,0.51821880,1.19662000,0.00000000,0.00000000,0.00305250,0.02442000,3.54387900,3.30260900,1.80170800,1.10695900,0.60366240,1.10586000,0.79963290,0.77308840,3.31593100,3.31867800,0.80029220,4.87090000,4.89904000,0.00000000, 2, 255, 7, 24,0x0,No,No,No,No,No,No,No,No
2026-04-14 10:52:22,7.5,1600,582,,582,592,44,,200,,,648,,60.9,0.7663,0.6000,0.6000,1.1000,0.00000000,0.12687090,0.16883590,0.00585558,0.00000000,0.36499780,0.50553170,1.18769000,0.00000000,0.00000000,0.00311355,0.02454210,3.56336600,3.31838500,1.80073100,1.11208700,0.60329610,1.10586000,0.79890030,0.77255120,3.31501500,3.31776200,0.80029220,4.92852000,4.90976000,0.00000000, 2, 255, 7, 24,0x0,No,No,No,No,No,No,No,No
2026-04-14 10:52:24,9.0,1600,582,,582,592,44,,200,,,648,,60.4,0.7663,0.6000,0.6000,1.1000,0.00000000,0.12882280,0.16590810,0.01073523,0.00000000,0.36109410,0.50357990,1.17876000,0.00000000,0.00000000,0.00323565,0.02454210,3.54944700,3.31003300,1.80073100,1.10805800,0.60109830,1.10402800,0.79890030,0.77281980,3.31684600,3.31776200,0.80058540,4.94728000,4.93656000,0.00000000, 2, 255, 7, 24,0x0,No,No,No,No,No,No,No,No
2026-04-14 10:52:26,7.0,1600,582,,582,592,44,,200,,,648,,59.8,0.7663,0.6000,0.6000,1.1000,0.00000000,0.13175060,0.16786000,0.00975930,0.00000000,0.36499780,0.50260400,1.17876000,0.00000000,0.00000000,0.00299145,0.02490840,3.56800600,3.30260900,1.80121900,1.11355200,0.60109830,1.10402800,0.79963290,0.77255120,3.31593100,3.31867800,0.80058540,4.94192000,4.78514000,0.00000000, 2, 255, 7, 24,0x0,No,No,No,No,No,No,No,No
2026-04-14 10:52:28,8.0,1600,582,,582,592,44,,200,,,648,,60.9,0.7663,0.6000,0.6000,1.1000,0.00000000,0.12394310,0.16493220,0.01073523,0.00000000,0.36304600,0.50357990,1.21448000,0.00000000,0.00000000,0.00299145,0.02454210,3.54480700,3.30910500,1.80219600,1.10769100,0.60659280,1.10769100,0.79890030,0.77308840,3.31684600,3.31776200,0.80058540,4.89770000,4.92048000,0.00000000, 2, 255, 7, 24,0x0,No,No,No,No,No,No,No,No
2026-04-14 10:52:30,7.5,2000,910,,910,960,44,,200,,,648,,63.1,0.8763,0.6000,0.6000,1.1000,0.06245952,0.13077460,0.16688400,0.01171116,0.00000000,0.37963680,0.50553170,1.61633000,0.00000000,0.00000000,0.00311355,0.02442000,3.51418400,3.30910500,1.80121900,1.10695900,0.60402870,1.10476100,0.79816780,0.88402840,3.31684600,3.31684600,0.80029220,4.76370000,4.85482000,0.00000000, 2, 255, 7, 24,0x0,No,No,No,No,No,No,No,No
