timestamp,cpu_cores,temp_c,ram_total,ram_used,ram_free,swap_total,swap_used,swap_free,disk_read,disk_write,disk_percent,throttled
2026-02-26T14:52:23.529071+00:00,0.0|0.0|100.0|0.0,58.4,8454799360,319750144,7916830720,536854528,0,536854528,203499520,164450816,39.7,throttled=0x0
2026-02-26T14:52:24.561881+00:00,3.9|0.0|0.0|0.0,58.95,8454799360,325189632,7910850560,536854528,0,536854528,203876352,164856320,39.7,throttled=0x0
2026-02-26T14:52:25.577001+00:00,1.0|8.9|0.0|2.9,57.85,8454799360,456327168,7778975744,536854528,0,536854528,204498944,165007872,39.7,throttled=0x0
2026-02-26T14:52:26.592883+00:00,32.4|31.7|68.6|5.0,60.6,8454799360,829521920,7405780992,536854528,0,536854528,204957696,165065216,39.7,throttled=0x50000
2026-02-26T14:52:27.610677+00:00,100.0|100.0|9.0|100.0,63.35,8454799360,830603264,7404191744,536854528,0,536854528,204957696,167354880,39.7,throttled=0x50005
2026-02-26T14:52:28.624320+00:00,6.9|6.9|4.9|15.8,58.95,8454799360,516210688,7717814272,536854528,0,536854528,205383680,167440896,39.7,throttled=0x50000
2026-02-26T14:52:29.641173+00:00,32.4|32.0|65.3|3.9,61.7,8454799360,888963072,7344996352,536854528,0,536854528,205383680,167498240,39.7,throttled=0x50000
2026-02-26T14:52:30.652993+00:00,92.1|91.3|100.0|8.0,65.0,8454799360,887275520,7346667520,536854528,0,536854528,205383680,167522816,39.7,throttled=0x50000
2026-02-26T14:52:31.670927+00:00,13.7|17.0|19.6|3.9,61.15,8454799360,668090368,7564886016,536854528,0,536854528,206276608,167641600,39.7,throttled=0x50000
2026-02-26T14:52:32.686842+00:00,0.0|0.0|0.0|1.0,61.7,8454799360,619495424,7613480960,536854528,0,536854528,206276608,167698944,39.7,throttled=0x50000
2026-02-26T14:52:33.695733+00:00,0.0|0.0|0.0|2.0,60.05,8454799360,583827456,7649050624,536854528,0,536854528,206276608,167744000,39.7,throttled=0x50000
2026-02-26T14:52:34.705236+00:00,0.0|0.0|1.0|1.0,60.6,8454799360,562446336,7670431744,536854528,0,536854528,206276608,167768576,39.7,throttled=0x50000
2026-02-26T14:52:35.716121+00:00,0.0|0.0|0.0|1.0,58.4,8454799360,546062336,7686815744,536854528,0,536854528,206276608,167784960,39.7,throttled=0x50000
2026-02-26T14:52:36.730928+00:00,2.0|6.9|0.0|2.0,58.4,8454799360,534659072,7698219008,536854528,0,536854528,206276608,167809536,39.7,throttled=0x50000
2026-02-26T14:52:37.741867+00:00,0.0|7.0|2.0|2.0,60.6,8454799360,528793600,7704084480,536854528,0,536854528,206276608,168030720,39.7,throttled=0x50000
2026-02-26T14:52:38.754189+00:00,20.8|20.6|36.0|4.0,62.8,8454799360,876691456,7356186624,536854528,0,536854528,206276608,168083968,39.7,throttled=0x50000
2026-02-26T14:52:39.772209+00:00,79.4|80.2|100.0|7.0,64.45,8454799360,875626496,7357087744,536854528,0,536854528,206276608,168100352,39.7,throttled=0x50005
2026-02-26T14:52:40.790552+00:00,32.0|32.4|37.3|5.9,61.7,8454799360,642351104,7590313984,536854528,0,536854528,206276608,168165888,39.7,throttled=0x50000
2026-02-26T14:52:41.904489+00:00,7.3|25.2|49.1|22.3,65.0,8454799360,872169472,7360413696,536854528,0,536854528,206276608,169771520,39.7,throttled=0x50000
2026-02-26T14:52:42.915267+00:00,7.1|90.3|100.0|91.0,67.75,8454799360,871186432,7361363968,536854528,0,536854528,206276608,169824768,39.7,throttled=0x50000
2026-02-26T14:52:43.929226+00:00,2.0|18.6|16.7|11.7,63.9,8454799360,612220928,7620296704,536854528,0,536854528,206276608,169939456,39.7,throttled=0x50000
2026-02-26T14:52:44.946599+00:00,3.9|3.0|1.0|0.0,62.25,8454799360,589545472,7642906624,536854528,0,536854528,206276608,170197504,39.7,throttled=0x50000
2026-02-26T14:52:45.959745+00:00,5.0|28.7|45.1|27.7,65.0,8454799360,819904512,7412416512,536854528,0,536854528,206276608,170283520,39.7,throttled=0x50000
2026-02-26T14:52:46.976215+00:00,7.8|80.4|100.0|80.4,66.65,8454799360,818511872,7413809152,536854528,0,536854528,206276608,170308096,39.7,throttled=0x50000
2026-02-26T14:52:47.993587+00:00,5.1|27.0|35.3|25.5,63.35,8454799360,628555776,7603716096,536854528,0,536854528,206276608,171426304,39.7,throttled=0x50000
2026-02-26T14:52:49.007202+00:00,4.0|27.5|46.6|27.7,66.65,8454799360,858587136,7373651968,536854528,0,536854528,206276608,171581952,39.7,throttled=0x50000
2026-02-26T14:52:50.055830+00:00,65.7|26.0|100.0|82.9,67.2,8454799360,865943552,7366279168,536854528,0,536854528,206276608,171614720,39.7,throttled=0x50000
2026-02-26T14:52:51.079720+00:00,23.8|9.8|27.5|19.6,64.45,8454799360,602718208,7629406208,536854528,0,536854528,206276608,171794944,39.7,throttled=0x50000
2026-02-26T14:52:52.090875+00:00,0.0|4.9|2.0|0.0,63.35,8454799360,603209728,7628914688,536854528,0,536854528,206276608,172007936,39.7,throttled=0x50000
2026-02-26T14:52:53.100530+00:00,28.4|3.0|47.1|26.7,65.55,8454799360,851083264,7380975616,536854528,0,536854528,206276608,172065280,39.7,throttled=0x50000
2026-02-26T14:52:54.135201+00:00,61.2|26.7|100.0|79.6,65.55,8454799360,859439104,7372619776,536854528,0,536854528,206276608,172691968,39.7,throttled=0x50005
2026-02-26T14:52:55.218710+00:00,10.2|28.7|35.2|28.0,65.55,8454799360,610418688,7621574656,536854528,0,536854528,206276608,173777408,39.7,throttled=0x50000
2026-02-26T14:52:56.327277+00:00,64.5|25.5|4.5|25.2,65.0,8454799360,978141184,7253835776,536854528,0,536854528,206276608,174543360,39.7,throttled=0x50000
2026-02-26T14:52:57.334149+00:00,100.0|97.0|10.9|97.0,67.2,8454799360,969375744,7262502912,536854528,0,536854528,206276608,174658048,39.7,throttled=0x50000
2026-02-26T14:52:58.349812+00:00,20.0|20.8|4.0|13.7,65.0,8454799360,654917632,7576928256,536854528,0,536854528,206276608,174821888,39.7,throttled=0x50000
2026-02-26T14:52:59.463375+00:00,0.9|6.2|0.0|0.0,63.9,8454799360,622510080,7609335808,536854528,0,536854528,206276608,175096320,39.7,throttled=0x50000
2026-02-26T14:53:00.473421+00:00,45.1|29.7|5.0|28.7,67.2,8454799360,946454528,7285211136,536854528,0,536854528,206276608,175153664,39.7,throttled=0x50000
2026-02-26T14:53:01.588910+00:00,100.0|82.9|10.8|83.0,66.65,8454799360,934215680,7297204224,536854528,0,536854528,206391296,175174144,39.7,throttled=0x50000
2026-02-26T14:53:02.605168+00:00,28.4|22.8|19.0|21.6,65.0,8454799360,658112512,7573258240,536854528,0,536854528,206505984,175346176,39.7,throttled=0x50000
2026-02-26T14:53:03.617843+00:00,53.5|28.4|4.0|28.4,67.75,8454799360,855474176,7375896576,536854528,0,536854528,206505984,175403520,39.7,throttled=0x50000
2026-02-26T14:53:04.628873+00:00,100.0|86.3|7.0|87.0,67.75,8454799360,854327296,7376846848,536854528,0,536854528,206505984,175428096,39.7,throttled=0x50005
2026-02-26T14:53:05.642002+00:00,32.0|27.7|19.8|3.0,65.55,8454799360,623820800,7607353344,536854528,0,536854528,206505984,175546880,39.7,throttled=0x50000
2026-02-26T14:53:06.652140+00:00,2.0|4.0|1.0|1.0,65.0,8454799360,529924096,7701168128,536854528,0,536854528,206505984,175825408,39.7,throttled=0x50000
2026-02-26T14:53:07.768868+00:00,3.6|11.7|13.5|25.0,67.75,8454799360,910426112,7320666112,536854528,0,536854528,206505984,175882752,39.7,throttled=0x50000
2026-02-26T14:53:08.780402+00:00,8.0|77.2|77.2|100.0,70.5,8454799360,932872192,7298220032,536854528,0,536854528,206505984,175907328,39.7,throttled=0x50005
2026-02-26T14:53:09.792105+00:00,4.0|38.2|36.3|44.1,67.75,8454799360,654884864,7576174592,536854528,0,536854528,206505984,178336256,39.7,throttled=0x50000
2026-02-26T14:53:10.798671+00:00,12.9|21.6|12.0|36.0,67.75,8454799360,935493632,7295385600,536854528,0,536854528,206505984,178352640,39.7,throttled=0x50000
2026-02-26T14:53:11.824415+00:00,80.4|80.4|7.0|100.0,68.3,8454799360,935264256,7295614976,536854528,0,536854528,206505984,178377216,39.7,throttled=0x50005
2026-02-26T14:53:12.836964+00:00,21.8|41.6|20.8|42.2,67.2,8454799360,701382656,7529447424,536854528,0,536854528,206505984,178536960,39.7,throttled=0x50000
2026-02-26T14:53:13.846884+00:00,1.0|0.0|0.0|0.0,66.65,8454799360,665108480,7565672448,536854528,0,536854528,206505984,178594304,39.7,throttled=0x50000
2026-02-26T14:53:14.858215+00:00,0.0|1.0|0.0|0.0,65.55,8454799360,620478464,7610286080,536854528,0,536854528,206505984,178618880,39.7,throttled=0x50000
2026-02-26T14:53:15.964571+00:00,0.0|0.9|0.0|0.0,65.55,8454799360,596328448,7634403328,536854528,0,536854528,206505984,178635264,39.7,throttled=0x50000
2026-02-26T14:53:16.970438+00:00,0.0|1.0|0.0|0.0,66.1,8454799360,578633728,7652065280,536854528,0,536854528,206505984,178659840,39.7,throttled=0x50000
2026-02-26T14:53:17.977916+00:00,22.0|5.9|1.0|0.0,65.0,8454799360,554647552,7675871232,536854528,0,536854528,206653440,178778624,39.7,throttled=0x50000
2026-02-26T14:53:18.986923+00:00,1.0|1.0|0.0|0.0,65.55,8454799360,515670016,7714783232,536854528,0,536854528,206653440,178872832,39.7,throttled=0x50000
2026-02-26T14:53:19.997811+00:00,0.0|1.0|0.0|0.0,65.0,8454799360,504954880,7725498368,536854528,0,536854528,206653440,178983424,39.7,throttled=0x50000
2026-02-26T14:53:21.033828+00:00,0.0|1.9|0.0|1.0,63.9,8454799360,499892224,7730528256,536854528,0,536854528,206653440,179008000,39.7,throttled=0x50000
2026-02-26T14:53:22.055120+00:00,0.0|1.0|0.0|0.0,63.35,8454799360,485703680,7744716800,536854528,0,536854528,206653440,179032576,39.7,throttled=0x50000
2026-02-26T14:53:23.064232+00:00,1.0|1.0|1.0|0.0,62.8,8454799360,469843968,7760560128,536854528,0,536854528,206653440,179057152,39.7,throttled=0x50000
2026-02-26T14:53:24.072532+00:00,0.0|6.9|0.0|2.9,63.9,8454799360,459964416,7770456064,536854528,0,536854528,206653440,179249664,39.7,throttled=0x50000
2026-02-26T14:53:25.082600+00:00,2.0|29.0|10.8|12.0,65.0,8454799360,863191040,7367147520,536854528,0,536854528,206653440,179892736,39.7,throttled=0x50000
2026-02-26T14:53:26.260262+00:00,9.5|82.2|82.9|99.2,68.85,8454799360,860553216,7369785344,536854528,0,536854528,206653440,181494272,39.7,throttled=0x50000
2026-02-26T14:53:27.278750+00:00,3.0|28.4|25.5|32.4,67.2,8454799360,510672896,7719632896,536854528,0,536854528,206653440,181563904,39.7,throttled=0x50000
2026-02-26T14:53:28.291586+00:00,4.0|29.7|28.7|48.5,65.55,8454799360,878706688,7351517184,536854528,0,536854528,206653440,182530560,39.7,throttled=0x50000
2026-02-26T14:53:29.299435+00:00,9.0|82.2|82.2|100.0,70.5,8454799360,879149056,7351009280,536854528,0,536854528,206653440,182583808,39.7,throttled=0x50000
2026-02-26T14:53:30.312163+00:00,4.0|26.7|18.8|30.7,66.65,8454799360,646119424,7584038912,536854528,0,536854528,206653440,182698496,39.7,throttled=0x50000
2026-02-26T14:53:31.325442+00:00,2.0|5.8|0.0|2.0,67.2,8454799360,631996416,7598063616,536854528,0,536854528,206653440,182952448,39.7,throttled=0x50000
2026-02-26T14:53:32.336915+00:00,21.6|27.0|28.7|42.2,68.3,8454799360,889765888,7340130304,536854528,0,536854528,206735360,183038464,39.7,throttled=0x50000
2026-02-26T14:53:33.352621+00:00,23.2|80.4|79.2|100.0,69.4,8454799360,905232384,7324647424,536854528,0,536854528,206735360,183063040,39.7,throttled=0x50000
2026-02-26T14:53:34.372670+00:00,20.4|34.7|35.3|43.1,67.75,8454799360,681639936,7548141568,536854528,0,536854528,206735360,183296512,39.7,throttled=0x50000
2026-02-26T14:53:35.382020+00:00,2.0|20.8|21.8|37.6,69.4,8454799360,871596032,7358185472,536854528,0,536854528,206735360,183345664,39.7,throttled=0x50000
2026-02-26T14:53:36.403259+00:00,8.0|79.4|80.4|100.0,69.95,8454799360,869466112,7360315392,536854528,0,536854528,206735360,183370240,39.7,throttled=0x50000
2026-02-26T14:53:37.419121+00:00,5.9|41.0|33.3|43.6,67.2,8454799360,664895488,7564869632,536854528,0,536854528,206735360,183480832,39.7,throttled=0x50000
2026-02-26T14:53:38.432385+00:00,3.0|4.0|0.0|1.0,67.2,8454799360,643284992,7586398208,536854528,0,536854528,206735360,183726592,39.7,throttled=0x50000
2026-02-26T14:53:39.459274+00:00,2.9|13.6|12.9|29.1,67.75,8454799360,883425280,7346143232,536854528,0,536854528,206735360,183783936,39.7,throttled=0x50000
2026-02-26T14:53:40.475024+00:00,8.9|80.2|79.4|100.0,69.4,8454799360,880541696,7349010432,536854528,0,536854528,206735360,183808512,39.7,throttled=0x50000
2026-02-26T14:53:41.489023+00:00,7.9|43.6|43.1|50.0,68.85,8454799360,615006208,7614513152,536854528,0,536854528,206735360,183869952,39.7,throttled=0x50000
2026-02-26T14:53:42.500754+00:00,3.9|15.8|15.8|31.4,70.5,8454799360,877658112,7351861248,536854528,0,536854528,206735360,183927296,39.7,throttled=0x50005
2026-02-26T14:53:43.531276+00:00,6.9|80.6|80.4|100.0,69.95,8454799360,877019136,7352467456,536854528,0,536854528,206735360,183943680,39.7,throttled=0x50000
2026-02-26T14:53:44.544773+00:00,5.1|48.0|41.6|47.5,69.4,8454799360,667729920,7561740288,536854528,0,536854528,206735360,184058368,39.7,throttled=0x50000
2026-02-26T14:53:45.554946+00:00,1.0|0.0|0.0|0.0,67.2,8454799360,651886592,7577534464,536854528,0,536854528,206735360,184119808,39.7,throttled=0x50000
2026-02-26T14:53:46.563116+00:00,1.0|0.0|0.0|0.0,66.65,8454799360,602865664,7626539008,536854528,0,536854528,206735360,185905664,39.7,throttled=0x50000
2026-02-26T14:53:47.585015+00:00,1.9|0.0|0.0|0.0,67.75,8454799360,583139328,7646248960,536854528,0,536854528,206735360,185930240,39.7,throttled=0x50000
2026-02-26T14:53:48.600401+00:00,1.0|0.0|0.0|0.0,66.65,8454799360,565379072,7663976448,536854528,0,536854528,206735360,185954816,39.7,throttled=0x50000
2026-02-26T14:53:49.606553+00:00,0.0|5.0|1.0|0.0,67.75,8454799360,549683200,7679655936,536854528,0,536854528,206735360,185979392,39.7,throttled=0x50000
2026-02-26T14:53:50.613872+00:00,1.0|5.0|2.0|2.0,65.55,8454799360,530808832,7698513920,536854528,0,536854528,206735360,186208768,39.7,throttled=0x50000
2026-02-26T14:53:51.627809+00:00,0.0|4.0|5.9|22.0,69.4,8454799360,850837504,7378370560,536854528,0,536854528,206768128,187032064,39.7,throttled=0x50005
2026-02-26T14:53:52.646865+00:00,8.9|76.5|77.2|98.0,68.3,8454799360,851296256,7377879040,536854528,0,536854528,206768128,187056640,39.7,throttled=0x50000
2026-02-26T14:53:53.661333+00:00,5.1|57.8|56.4|62.7,67.75,8454799360,596623360,7632535552,536854528,0,536854528,206768128,187445760,39.7,throttled=0x50000
2026-02-26T14:53:54.896466+00:00,14.6|18.7|9.6|30.9,68.3,8454799360,841039872,7388069888,536854528,0,536854528,206768128,188506624,39.7,throttled=0x50000
2026-02-26T14:53:55.911856+00:00,80.2|80.2|7.9|100.0,71.6,8454799360,843726848,7385366528,536854528,0,536854528,206768128,188551680,39.7,throttled=0x50000
2026-02-26T14:53:56.931200+00:00,23.5|33.7|12.7|41.2,68.85,8454799360,637468672,7591624704,536854528,0,536854528,206768128,188670464,39.7,throttled=0x50000
2026-02-26T14:53:57.939213+00:00,1.0|0.0|0.0|0.0,67.2,8454799360,622346240,7606747136,536854528,0,536854528,206768128,188723712,39.7,throttled=0x50000
2026-02-26T14:53:58.946063+00:00,1.0|0.0|0.0|0.0,66.65,8454799360,611254272,7617839104,536854528,0,536854528,206768128,188748288,39.7,throttled=0x50000
2026-02-26T14:53:59.952691+00:00,1.0|0.0|0.0|0.0,67.75,8454799360,589938688,7639007232,536854528,0,536854528,206768128,188797440,39.7,throttled=0x50000
2026-02-26T14:54:00.959444+00:00,2.0|1.0|0.0|0.0,66.65,8454799360,571359232,7657537536,536854528,0,536854528,206768128,188817920,39.7,throttled=0x50000
2026-02-26T14:54:01.966604+00:00,2.0|5.1|0.0|0.0,66.65,8454799360,556728320,7672168448,536854528,0,536854528,206768128,189862400,39.7,throttled=0x50000
2026-02-26T14:54:02.975148+00:00,2.0|7.9|0.0|3.0,66.1,8454799360,540540928,7688339456,536854528,0,536854528,206768128,190087680,39.7,throttled=0x50000
2026-02-26T14:54:03.988757+00:00,2.9|11.7|10.7|28.7,68.3,8454799360,873365504,7355514880,536854528,0,536854528,206768128,190145024,39.7,throttled=0x50000
2026-02-26T14:54:05.007879+00:00,9.1|80.0|80.2|99.0,71.05,8454799360,873840640,7355023360,536854528,0,536854528,206768128,190169600,39.7,throttled=0x50005
2026-02-26T14:54:06.023070+00:00,51.5|56.9|55.3|61.4,69.95,8454799360,616972288,7611744256,536854528,0,536854528,206768128,191939072,39.7,throttled=0x50000
2026-02-26T14:54:07.039911+00:00,5.8|6.8|9.9|20.6,71.05,8454799360,900104192,7328563200,536854528,0,536854528,206768128,192176640,39.7,throttled=0x50000
2026-02-26T14:54:08.055866+00:00,22.8|77.2|77.2|98.0,70.5,8454799360,882573312,7346012160,536854528,0,536854528,206768128,192258560,39.7,throttled=0x50000
2026-02-26T14:54:09.070930+00:00,6.9|64.7|57.8|65.3,70.5,8454799360,631717888,7596851200,536854528,0,536854528,206768128,192381440,39.7,throttled=0x50000
2026-02-26T14:54:10.079554+00:00,1.0|4.0|0.0|0.0,69.95,8454799360,588513280,7640006656,536854528,0,536854528,206768128,192647680,39.7,throttled=0x50000
2026-02-26T14:54:11.087284+00:00,0.0|1.0|2.0|1.0,67.75,8454799360,580616192,7647789056,536854528,0,536854528,206850048,192696832,39.7,throttled=0x50000
2026-02-26T14:54:12.095218+00:00,6.1|53.5|54.0|89.1,71.6,8454799360,838434816,7389872128,536854528,0,536854528,206850048,192733696,39.7,throttled=0x50005
2026-02-26T14:54:13.106172+00:00,7.9|82.2|82.2|93.1,69.95,8454799360,649691136,7578583040,536854528,0,536854528,206850048,192807424,39.7,throttled=0x50000
2026-02-26T14:54:14.114700+00:00,2.0|0.0|0.0|1.0,68.3,8454799360,629669888,7598620672,536854528,0,536854528,206850048,194429440,39.7,throttled=0x50000
2026-02-26T14:54:15.193654+00:00,7.5|48.1|49.1|86.1,71.05,8454799360,839024640,7389151232,536854528,0,536854528,206850048,194974208,39.7,throttled=0x50000
2026-02-26T14:54:16.203976+00:00,8.0|86.1|84.2|94.0,71.6,8454799360,634077184,7594082304,536854528,0,536854528,206850048,194994688,39.7,throttled=0x50000
2026-02-26T14:54:17.211492+00:00,2.0|3.0|0.0|0.0,69.4,8454799360,610828288,7617314816,536854528,0,536854528,206850048,195109376,39.7,throttled=0x50000
2026-02-26T14:54:18.218936+00:00,1.0|0.0|0.0|0.0,68.3,8454799360,568164352,7659945984,536854528,0,536854528,206850048,195162624,39.7,throttled=0x50000
2026-02-26T14:54:19.225456+00:00,1.0|0.0|0.0|0.0,68.3,8454799360,550223872,7677870080,536854528,0,536854528,206850048,195187200,39.7,throttled=0x50000
2026-02-26T14:54:20.231433+00:00,0.0|0.0|2.0|0.0,67.75,8454799360,523288576,7704772608,536854528,0,536854528,206850048,195236352,39.7,throttled=0x50000
2026-02-26T14:54:21.242651+00:00,2.0|0.0|1.0|0.0,67.2,8454799360,511475712,7716536320,536854528,0,536854528,206850048,195260928,39.7,throttled=0x50000
2026-02-26T14:54:22.249988+00:00,1.0|11.1|1.0|0.0,67.75,8454799360,506429440,7721582592,536854528,0,536854528,206850048,195498496,39.7,throttled=0x50000
2026-02-26T14:54:23.257861+00:00,1.0|0.0|1.0|1.0,67.2,8454799360,498073600,7729823744,536854528,0,536854528,206850048,195547648,39.7,throttled=0x50000
2026-02-26T14:54:24.264766+00:00,7.0|53.5|53.5|89.2,70.5,8454799360,850198528,7377698816,536854528,0,536854528,206850048,195572224,39.7,throttled=0x50005
2026-02-26T14:54:25.277249+00:00,8.9|88.2|87.3|95.0,71.05,8454799360,620068864,7607812096,536854528,0,536854528,206850048,195596800,39.7,throttled=0x50000
2026-02-26T14:54:26.283513+00:00,3.0|0.0|0.0|2.0,67.75,8454799360,602947584,7624933376,536854528,0,536854528,206850048,197095936,39.7,throttled=0x50000
2026-02-26T14:54:27.292867+00:00,4.0|42.6|60.8|66.3,71.6,8454799360,960692224,7267090432,536854528,0,536854528,206850048,197149184,39.7,throttled=0x50005
2026-02-26T14:54:28.307813+00:00,52.0|97.0|54.5|100.0,71.6,8454799360,944668672,7283113984,536854528,0,536854528,206850048,197169664,39.7,throttled=0x50000
2026-02-26T14:54:29.317415+00:00,1.0|4.0|0.0|5.0,69.4,8454799360,552370176,7675396096,536854528,0,536854528,206850048,197292544,39.7,throttled=0x50000
2026-02-26T14:54:30.325198+00:00,1.0|1.0|0.0|0.0,68.85,8454799360,536526848,7691239424,536854528,0,536854528,206850048,197345792,39.7,throttled=0x50000
2026-02-26T14:54:31.331306+00:00,1.0|0.0|0.0|0.0,68.3,8454799360,518209536,7709409280,536854528,0,536854528,206850048,197370368,39.7,throttled=0x50000
2026-02-26T14:54:32.337539+00:00,2.0|0.0|0.0|0.0,67.2,8454799360,519192576,7708426240,536854528,0,536854528,206850048,197423616,39.7,throttled=0x50000
2026-02-26T14:54:33.344539+00:00,0.0|0.0|0.0|0.0,68.3,8454799360,510640128,7716978688,536854528,0,536854528,206850048,198451712,39.7,throttled=0x50000
2026-02-26T14:54:34.362130+00:00,3.0|10.8|0.0|0.0,67.2,8454799360,510984192,7716585472,536854528,0,536854528,206850048,198525440,39.7,throttled=0x50000
2026-02-26T14:54:35.369919+00:00,2.9|1.0|1.0|0.0,67.75,8454799360,493977600,7733624832,536854528,0,536854528,206850048,198726144,39.7,throttled=0x50000
2026-02-26T14:54:36.377907+00:00,36.0|34.3|72.0|5.9,72.15,8454799360,867123200,7360282624,536854528,0,536854528,206850048,199823872,39.7,throttled=0x50005
2026-02-26T14:54:37.388612+00:00,47.5|100.0|100.0|60.8,72.7,8454799360,864993280,7362412544,536854528,0,536854528,206850048,199877120,39.7,throttled=0x50005
2026-02-26T14:54:38.398869+00:00,1.0|3.0|13.9|3.0,68.85,8454799360,627032064,7600259072,536854528,0,536854528,206850048,200561152,39.7,throttled=0x50000
2026-02-26T14:54:39.406432+00:00,5.0|29.7|67.3|29.7,72.7,8454799360,888799232,7338475520,536854528,0,536854528,206850048,200606208,39.7,throttled=0x50000
2026-02-26T14:54:40.417035+00:00,8.0|100.0|100.0|100.0,72.15,8454799360,885768192,7341506560,536854528,0,536854528,206850048,200634880,39.7,throttled=0x50005
2026-02-26T14:54:41.427436+00:00,3.0|12.9|16.7|8.9,69.4,8454799360,606453760,7620722688,536854528,0,536854528,206981120,200737280,39.7,throttled=0x50000
2026-02-26T14:54:42.434854+00:00,0.0|0.0|1.0|0.0,68.85,8454799360,592330752,7634845696,536854528,0,536854528,206981120,200786432,39.7,throttled=0x50000
2026-02-26T14:54:43.440834+00:00,0.0|0.0|1.0|0.0,69.4,8454799360,572686336,7654490112,536854528,0,536854528,206981120,200802816,39.7,throttled=0x50000
2026-02-26T14:54:44.447454+00:00,1.0|0.0|1.0|0.0,68.85,8454799360,541835264,7685160960,536854528,0,536854528,206981120,200827392,39.7,throttled=0x50000
2026-02-26T14:54:45.454428+00:00,1.0|0.0|1.0|0.0,68.85,8454799360,531775488,7695220736,536854528,0,536854528,206981120,200851968,39.7,throttled=0x50000
2026-02-26T14:54:46.461823+00:00,1.0|7.9|1.0|0.0,67.2,8454799360,529137664,7697858560,536854528,0,536854528,206981120,200917504,39.7,throttled=0x50000
2026-02-26T14:54:47.469751+00:00,0.0|4.0|2.0|0.0,68.3,8454799360,518635520,7708295168,536854528,0,536854528,206981120,201114112,39.7,throttled=0x50000
2026-02-26T14:54:48.495704+00:00,5.8|49.5|51.0|32.4,69.95,8454799360,855801856,7371030528,536854528,0,536854528,206981120,202445312,39.7,throttled=0x50000
2026-02-26T14:54:49.506781+00:00,12.9|82.0|100.0|81.2,71.05,8454799360,855982080,7370784768,536854528,0,536854528,206981120,202564096,39.7,throttled=0x50000
2026-02-26T14:54:50.521194+00:00,4.0|31.4|42.6|29.7,69.4,8454799360,669089792,7557611520,536854528,0,536854528,206981120,204067328,39.7,throttled=0x50000
2026-02-26T14:54:51.528362+00:00,4.9|19.0|38.6|20.8,71.6,8454799360,866484224,7360151552,536854528,0,536854528,206981120,204120576,39.7,throttled=0x50000
2026-02-26T14:54:52.546750+00:00,9.0|80.4|100.0|79.4,74.35,8454799360,866811904,7359823872,536854528,0,536854528,206981120,204145152,39.7,throttled=0x50005
2026-02-26T14:54:53.559178+00:00,6.9|45.5|41.6|36.3,72.15,8454799360,644923392,7581696000,536854528,0,536854528,206981120,204247552,39.7,throttled=0x50000
2026-02-26T14:54:54.567117+00:00,13.0|5.0|2.0|0.0,70.5,8454799360,623820800,7602634752,536854528,0,536854528,206981120,204669440,39.7,throttled=0x50000
2026-02-26T14:54:55.575240+00:00,1.0|0.0|6.9|1.0,71.05,8454799360,617398272,7609040896,536854528,0,536854528,206981120,204694016,39.7,throttled=0x50000
2026-02-26T14:54:56.582659+00:00,70.0|71.3|100.0|7.1,73.8,8454799360,865501184,7360937984,536854528,0,536854528,206981120,204718592,39.7,throttled=0x50000
2026-02-26T14:54:57.599668+00:00,61.4|62.7|68.0|6.9,72.15,8454799360,534265856,7692156928,536854528,0,536854528,206981120,204788224,39.7,throttled=0x50000
2026-02-26T14:54:58.607706+00:00,1.0|1.0|12.0|1.0,72.15,8454799360,796049408,7430373376,536854528,0,536854528,206981120,206823936,39.7,throttled=0x50000
2026-02-26T14:54:59.615284+00:00,76.2|14.7|99.0|69.0,74.35,8454799360,912326656,7313948672,536854528,0,536854528,206981120,206877184,39.7,throttled=0x50005
2026-02-26T14:55:00.627684+00:00,62.4|5.9|72.0|65.3,72.7,8454799360,635764736,7590477824,536854528,0,536854528,206981120,206991872,39.7,throttled=0x50000
2026-02-26T14:55:01.634884+00:00,1.0|2.0|1.0|1.0,69.4,8454799360,627212288,7598931968,536854528,0,536854528,207063040,207045120,39.7,throttled=0x50000
2026-02-26T14:55:02.641619+00:00,0.0|1.0|2.0|0.0,69.4,8454799360,611287040,7614644224,536854528,0,536854528,207063040,207069696,39.7,throttled=0x50000
2026-02-26T14:55:03.648384+00:00,0.0|0.0|1.0|0.0,70.5,8454799360,574472192,7651459072,536854528,0,536854528,207063040,207086080,39.7,throttled=0x50000
2026-02-26T14:55:04.655077+00:00,0.0|0.0|1.0|0.0,69.95,8454799360,557842432,7668039680,536854528,0,536854528,207063040,207139328,39.7,throttled=0x50000
2026-02-26T14:55:05.661850+00:00,0.0|0.0|1.0|4.0,69.4,8454799360,531005440,7694860288,536854528,0,536854528,207063040,207163904,39.7,throttled=0x50000
2026-02-26T14:55:06.670165+00:00,1.0|0.0|2.0|5.0,68.85,8454799360,523141120,7702724608,536854528,0,536854528,207063040,207385088,39.7,throttled=0x50000
2026-02-26T14:55:07.776200+00:00,0.0|4.4|14.5|0.0,70.5,8454799360,864141312,7361724416,536854528,0,536854528,207063040,207434240,39.7,throttled=0x50000
2026-02-26T14:55:08.784875+00:00,45.9|36.4|99.0|74.3,72.7,8454799360,864452608,7361265664,536854528,0,536854528,207063040,209191424,39.7,throttled=0x50005
2026-02-26T14:55:09.795126+00:00,65.3|4.1|75.8|66.7,71.05,8454799360,634814464,7590838272,536854528,0,536854528,207063040,209289728,39.7,throttled=0x50000
2026-02-26T14:55:10.802590+00:00,0.0|1.0|6.9|0.0,72.15,8454799360,638173184,7587479552,536854528,0,536854528,207063040,209334784,39.7,throttled=0x50000
2026-02-26T14:55:11.809025+00:00,70.0|8.0|99.0|69.0,72.15,8454799360,866631680,7358939136,536854528,0,536854528,207063040,209359360,39.7,throttled=0x50000
2026-02-26T14:55:12.827739+00:00,70.6|11.7|81.4|70.3,72.7,8454799360,621625344,7603879936,536854528,0,536854528,207063040,209478144,39.7,throttled=0x50000
2026-02-26T14:55:13.834125+00:00,1.0|2.0|9.9|1.0,70.5,8454799360,615546880,7609892864,536854528,0,536854528,207128576,209728000,39.7,throttled=0x50000
2026-02-26T14:55:14.841436+00:00,3.0|1.0|0.0|0.0,71.6,8454799360,597196800,7628144640,536854528,0,536854528,207128576,210944512,39.7,throttled=0x50000
2026-02-26T14:55:15.884835+00:00,68.3|5.8|72.4|53.3,72.15,8454799360,984973312,7240351744,536854528,0,536854528,207128576,210969088,39.7,throttled=0x50000
2026-02-26T14:55:16.903234+00:00,80.2|7.8|87.1|82.4,72.7,8454799360,570966016,7654342656,536854528,0,536854528,207128576,211034624,39.7,throttled=0x50000
2026-02-26T14:55:17.910614+00:00,0.0|0.0|3.0|0.0,70.5,8454799360,578027520,7647281152,536854528,0,536854528,207128576,211083776,39.7,throttled=0x50000
2026-02-26T14:55:18.918212+00:00,53.5|7.0|93.0|53.5,73.25,8454799360,903430144,7321812992,536854528,0,536854528,207128576,211108352,39.7,throttled=0x50005
2026-02-26T14:55:19.935011+00:00,80.2|7.9|91.2|83.2,73.8,8454799360,695091200,7530119168,536854528,0,536854528,207128576,211862016,39.7,throttled=0x50000
2026-02-26T14:55:20.950705+00:00,2.0|2.0|0.0|6.9,71.05,8454799360,681164800,7544045568,536854528,0,536854528,207128576,212009472,39.7,throttled=0x50000
2026-02-26T14:55:21.958100+00:00,1.0|1.0|2.0|4.0,69.95,8454799360,629833728,7595163648,536854528,0,536854528,207128576,212210176,39.7,throttled=0x50000
2026-02-26T14:55:22.966602+00:00,30.7|3.0|65.3|28.7,73.8,8454799360,888111104,7336869888,536854528,0,536854528,207128576,212288000,39.7,throttled=0x50005
2026-02-26T14:55:23.983230+00:00,100.0|8.9|100.0|100.0,75.45,8454799360,887554048,7337426944,536854528,0,536854528,207128576,212312576,39.7,throttled=0x50005
2026-02-26T14:55:24.997149+00:00,8.8|3.0|16.8|9.9,72.7,8454799360,683261952,7541686272,536854528,0,536854528,207128576,213877248,39.7,throttled=0x50000
2026-02-26T14:55:26.004886+00:00,29.0|5.0|64.0|43.6,74.9,8454799360,899153920,7325794304,536854528,0,536854528,207128576,213926400,39.7,throttled=0x50000
2026-02-26T14:55:27.019806+00:00,100.0|43.6|100.0|100.0,74.9,8454799360,874512384,7350157312,536854528,0,536854528,207226880,214090240,39.7,throttled=0x50005
2026-02-26T14:55:28.035234+00:00,17.5|4.9|20.6|24.8,72.7,8454799360,645021696,7579615232,536854528,0,536854528,207226880,214241792,39.7,throttled=0x50000
2026-02-26T14:55:29.043460+00:00,0.0|1.0|0.0|1.0,71.6,8454799360,639107072,7585529856,536854528,0,536854528,207226880,214336000,39.7,throttled=0x50000
2026-02-26T14:55:30.050634+00:00,0.0|1.0|1.0|1.0,71.05,8454799360,599654400,7624982528,536854528,0,536854528,207226880,214389248,39.7,throttled=0x50000
2026-02-26T14:55:31.057458+00:00,0.0|0.0|2.0|0.0,70.5,8454799360,598622208,7625916416,536854528,0,536854528,207226880,215437824,39.7,throttled=0x50000
2026-02-26T14:55:32.202160+00:00,0.0|0.0|0.9|0.0,70.5,8454799360,563904512,7660584960,536854528,0,536854528,207243264,215462400,39.7,throttled=0x50000
2026-02-26T14:55:33.216221+00:00,1.0|0.0|1.0|0.0,70.5,8454799360,537788416,7686701056,536854528,0,536854528,207243264,215486976,39.7,throttled=0x50000
2026-02-26T14:55:34.223659+00:00,0.0|1.0|1.0|6.1,69.95,8454799360,527908864,7696547840,536854528,0,536854528,207243264,215671296,39.7,throttled=0x50000
2026-02-26T14:55:35.231418+00:00,25.0|2.0|42.6|23.8,72.15,8454799360,877002752,7347355648,536854528,0,536854528,207243264,215724544,39.7,throttled=0x50005
2026-02-26T14:55:36.247724+00:00,78.4|8.0|99.0|79.2,74.9,8454799360,875397120,7348961280,536854528,0,536854528,207243264,216527360,39.7,throttled=0x50000
2026-02-26T14:55:37.260094+00:00,36.6|5.9|43.6|36.9,72.15,8454799360,648216576,7576109056,536854528,0,536854528,207243264,217969152,39.7,throttled=0x50000
2026-02-26T14:55:38.268548+00:00,22.0|3.0|38.8|22.8,73.8,8454799360,877953024,7346372608,536854528,0,536854528,207243264,218022400,39.7,throttled=0x50000
2026-02-26T14:55:39.287184+00:00,80.4|8.9|100.0|79.4,73.25,8454799360,876986368,7347339264,536854528,0,536854528,207243264,218046976,39.7,throttled=0x50000
2026-02-26T14:55:40.301652+00:00,33.3|5.0|43.0|40.0,72.15,8454799360,639500288,7584743424,536854528,0,536854528,207243264,218169856,39.7,throttled=0x50000
2026-02-26T14:55:41.309325+00:00,0.0|1.0|2.0|5.0,71.05,8454799360,618151936,7606124544,536854528,0,536854528,207243264,218444288,39.7,throttled=0x50000
2026-02-26T14:55:42.316380+00:00,10.9|4.0|26.7|11.0,72.15,8454799360,851918848,7372095488,536854528,0,536854528,207243264,218485248,39.7,throttled=0x50000
2026-02-26T14:55:43.331382+00:00,80.2|8.8|99.0|80.0,73.8,8454799360,850919424,7373094912,536854528,0,536854528,207243264,218509824,39.7,throttled=0x50000
2026-02-26T14:55:44.345819+00:00,45.5|5.0|52.0|47.1,73.25,8454799360,640204800,7583793152,536854528,0,536854528,207243264,218571264,39.7,throttled=0x50000
2026-02-26T14:55:45.354098+00:00,10.0|2.0|29.0|11.8,73.8,8454799360,840138752,7383859200,536854528,0,536854528,207243264,218624512,39.7,throttled=0x50000
2026-02-26T14:55:46.367992+00:00,79.4|58.0|99.0|31.4,76.0,8454799360,839335936,7384645632,536854528,0,536854528,207243264,219738624,39.7,throttled=0x50000
2026-02-26T14:55:47.381195+00:00,39.0|4.0|50.0|49.0,74.35,8454799360,623509504,7600422912,536854528,0,536854528,207243264,219857408,39.7,throttled=0x50000
2026-02-26T14:55:48.389259+00:00,1.0|1.0|1.0|4.0,72.15,8454799360,611827712,7612104704,536854528,0,536854528,207243264,220099072,39.7,throttled=0x50000
2026-02-26T14:55:49.400816+00:00,0.0|2.0|5.0|0.0,73.25,8454799360,593215488,7630716928,536854528,0,536854528,207243264,220144128,39.7,throttled=0x50000
2026-02-26T14:55:50.407854+00:00,11.0|100.0|61.0|64.4,74.35,8454799360,851050496,7372668928,536854528,0,536854528,207243264,220168704,39.7,throttled=0x50000
2026-02-26T14:55:51.419400+00:00,5.0|80.2|69.6|70.9,73.25,8454799360,636764160,7586955264,536854528,0,536854528,207243264,220295680,39.7,throttled=0x50000
2026-02-26T14:55:52.438323+00:00,0.0|2.9|1.0|0.0,73.8,8454799360,623296512,7600357376,536854528,0,536854528,207243264,220348928,39.7,throttled=0x50000
2026-02-26T14:55:53.447125+00:00,7.0|99.0|65.3|64.4,74.35,8454799360,865107968,7358545920,536854528,0,536854528,207243264,220373504,39.7,throttled=0x50000
2026-02-26T14:55:54.458121+00:00,7.1|82.4|70.3|74.3,74.35,8454799360,632012800,7591608320,536854528,0,536854528,207243264,220496384,39.7,throttled=0x50000
2026-02-26T14:55:55.466168+00:00,4.9|0.0|0.0|8.9,72.15,8454799360,625311744,7598276608,536854528,0,536854528,207243264,220590592,39.7,throttled=0x50000
2026-02-26T14:55:56.474288+00:00,1.0|1.0|0.0|1.0,73.8,8454799360,616890368,7606517760,536854528,0,536854528,207243264,221667840,39.7,throttled=0x50000
2026-02-26T14:55:57.532867+00:00,3.8|63.2|29.2|28.0,75.45,8454799360,867074048,7356334080,536854528,0,536854528,207243264,222044672,39.7,throttled=0x50000
2026-02-26T14:55:58.542630+00:00,11.0|100.0|100.0|100.0,76.55,8454799360,867991552,7355351040,536854528,0,536854528,207243264,222069248,39.7,throttled=0x50000
2026-02-26T14:55:59.556956+00:00,4.0|13.9|7.8|8.9,73.25,8454799360,646381568,7576928256,536854528,0,536854528,207243264,223236608,39.7,throttled=0x50000
2026-02-26T14:56:00.565429+00:00,5.0|66.7|30.7|30.0,74.9,8454799360,854540288,7368704000,536854528,0,536854528,207243264,223302144,39.7,throttled=0x50000
2026-02-26T14:56:01.572962+00:00,8.2|100.0|100.0|99.0,77.1,8454799360,854573056,7368654848,536854528,0,536854528,207243264,223318528,39.7,throttled=0x50005
2026-02-26T14:56:02.587187+00:00,5.0|17.0|12.7|23.0,73.25,8454799360,638959616,7584219136,536854528,0,536854528,207243264,223494656,39.7,throttled=0x50000
2026-02-26T14:56:03.594942+00:00,4.0|0.0|15.0|5.0,73.25,8454799360,632864768,7590232064,536854528,0,536854528,207243264,223736320,39.7,throttled=0x50000
2026-02-26T14:56:04.604855+00:00,20.8|16.5|36.3|19.8,73.8,8454799360,983285760,7239696384,536854528,0,536854528,207243264,223879680,39.7,throttled=0x50005
2026-02-26T14:56:05.722169+00:00,100.0|15.3|81.1|82.3,76.55,8454799360,954531840,7268401152,536854528,0,536854528,207243264,224027136,39.7,throttled=0x50005
2026-02-26T14:56:06.734132+00:00,39.6|3.0|32.4|33.0,73.8,8454799360,588398592,7634501632,536854528,0,536854528,207243264,224092672,39.7,throttled=0x50000
2026-02-26T14:56:07.740898+00:00,42.0|3.0|26.0|25.7,74.9,8454799360,942211072,7280672768,536854528,0,536854528,207243264,224150016,39.7,throttled=0x50005
2026-02-26T14:56:08.754492+00:00,100.0|7.9|77.2|76.2,76.55,8454799360,929366016,7293452288,536854528,0,536854528,207243264,224174592,39.7,throttled=0x50005
2026-02-26T14:56:09.765981+00:00,52.9|4.0|41.6|46.5,76.0,8454799360,711180288,7511621632,536854528,0,536854528,207243264,224289280,39.7,throttled=0x50000
