,count,mean,std,min,1%,5%,50%,95%,99%,max
cpu_percent,580.0,0.08137931034482758,0.7396013683242868,0.0,0.0,0.0,0.0,0.2,1.2210000000000036,11.2
arm_mhz,580.0,1512.9310344827586,105.24268558619322,1500.0,1500.0,1500.0,1500.0,1500.0,2400.0,2400.0
core_mhz,580.0,505.88793103448273,47.94152518242763,500.0,500.0,500.0,500.0,500.0,910.0,910.0
h264_mhz,0.0,,,,,,,,,
isp_mhz,580.0,505.88793103448273,47.94152518242763,500.0,500.0,500.0,500.0,500.0,910.0,910.0
v3d_mhz,580.0,506.6086206896552,53.7902302654931,500.0,500.0,500.0,500.0,500.0,960.0,960.0
uart_mhz,580.0,43.860344827586204,0.34692812073635065,43.0,43.0,43.0,44.0,44.0,44.0,44.0
pwm_mhz,0.0,,,,,,,,,
emmc_mhz,580.0,200.0,0.0,200.0,200.0,200.0,200.0,200.0,200.0,200.0
pixel_mhz,0.0,,,,,,,,,
vec_mhz,0.0,,,,,,,,,
hdmi_mhz,580.0,648.0,0.0,648.0,648.0,648.0,648.0,648.0,648.0,648.0
dpi_mhz,0.0,,,,,,,,,
arm_temp,580.0,52.152931034482755,0.8754027124014169,49.9,50.5,51.0,52.1,53.2,54.426000000000016,56.5
core_volt,580.0,0.7224731034482756,0.020930038095277406,0.72,0.72,0.72,0.72,0.72,0.8993,0.8993
sdram_c_volt,580.0,0.6,0.0,0.6,0.6,0.6,0.6,0.6,0.6,0.6
sdram_i_volt,580.0,0.6,0.0,0.6,0.6,0.6,0.6,0.6,0.6,0.6
sdram_p_volt,580.0,1.0999999999999999,2.2223627056704073e-16,1.1,1.1,1.1,1.1,1.1,1.1,1.1
3V7_WL_SW_A,580.0,0.020844518689655173,0.024520865481077868,0.0,0.0,0.0,0.00195186,0.054700876499999954,0.06364039530000004,0.07221882
3V3_SYS_A,580.0,0.07470071320689656,0.010871123259148302,0.06733918,0.06733918,0.06929103,0.07221882,0.08685777,0.11854621500000025,0.1805471
1V8_SYS_A,580.0,0.12788552982758622,0.0058769059057817786,0.1210153,0.1239431,0.124919,0.1268709,0.1307746,0.1590766,0.1600525
DDR_VDD2_A,580.0,0.006148359,0.0032073871180008542,0.0,0.0017469147,0.00292779,0.00585558,0.00878337,0.018747615300000037,0.05465208
DDR_VDDQ_A,580.0,2.5355172413793105e-06,6.1063341336455e-05,0.0,0.0,0.0,0.0,0.0,0.0,0.0014706
1V1_SYS_A,580.0,0.21264672379310345,0.006265719075573829,0.2059212,0.2068972,0.2078731,0.2108009,0.22256079999999995,0.2332473,0.2771641
0V8_SW_A,580.0,0.33332889862068965,0.009453084478251078,0.3269365,0.3288884,0.3298644,0.3327921,0.3357199,0.34989043100000045,0.446976
VDD_CORE_A,580.0,1.2316317586206895,0.09977375036298895,1.18769,1.19662,1.20555,1.22341,1.24127,1.8969106000000007,2.64328
3V3_DAC_A,580.0,0.0004943997413793104,7.625810608359165e-05,0.0003663,0.0003663,0.0003663,0.00054945,0.00054945,0.0006105,0.00067155
3V3_ADC_A,580.0,0.0007758612931034483,0.00014266276062920456,0.00042735,0.00042735,0.00042735,0.00079365,0.00091575,0.00103785,0.0010989
0V8_AON_A,580.0,0.0043466547413793105,0.0003204071504823884,0.00384615,0.00384615,0.00384615,0.00433455,0.004884,0.0050061,0.0058608
HDMI_A,580.0,0.026970416379310348,0.00023185263802443282,0.0262515,0.0266178,0.0266178,0.0269841,0.0273504,0.0274725,0.0275946
3V7_WL_SW_V,580.0,3.699912006896552,0.0022541909255418633,3.681217,3.696064,3.69792,3.699776,3.701632,3.704416,3.733183
3V3_SYS_V,580.0,3.3122523689655172,0.0098395374836048,3.291474,3.294258,3.298898,3.310961,3.327664,3.355503,3.357359
1V8_SYS_V,580.0,1.798451296551724,0.005664353886815588,1.787544,1.788521,1.788521,1.799266,1.806103,1.816848,1.821243
DDR_VDD2_V,580.0,1.1057181913793106,0.002368881327175295,1.101098,1.101464,1.101464,1.106226,1.109156,1.110622,1.110622
DDR_VDDQ_V,580.0,0.6155412563793102,0.0019605133281680796,0.6003657,0.605340054,0.6139188,0.6157503,0.6172155,0.6175818,0.6175818
1V1_SYS_V,580.0,1.1028801,0.0014386802615562013,1.097801,1.099999,1.100732,1.102929,1.105127,1.105494,1.105494
0V8_SW_V,580.0,0.7997427906896553,0.0008052035197410089,0.7952373,0.7974351,0.7989003,0.7996329,0.8007318,0.8010981,0.8087904
VDD_CORE_V,580.0,0.7230814893103449,0.020967627313536633,0.719633,0.7201702,0.7201702,0.7207074,0.7209762,0.899877,0.9014887
3V3_DAC_V,580.0,3.3018610465517244,0.0011200260881979042,3.299447,3.299447,3.299447,3.302194,3.30311,3.304026,3.304942
3V3_ADC_V,580.0,3.3041601431034486,0.0009404325697110475,3.302194,3.302194,3.30311,3.304026,3.305857,3.305857,3.307689
0V8_AON_V,580.0,0.7991171070689655,0.0003706087626109927,0.7979479,0.7979479,0.798534,0.7991202,0.7997062,0.7997062,0.7999992
HDMI_V,580.0,4.921106103448276,0.018474350439701522,4.75432,4.8508,4.8977,4.9245,4.94058,4.94728,4.94996
EXT5V_V,580.0,4.92264248275862,0.017575478345572715,4.78514,4.84946,4.8977,4.9245,4.94326,4.94728,4.94996
BATT_V,580.0,0.008834356034482758,0.00040722799648438917,0.0076923,0.008547,0.008547,0.008547,0.0094017,0.0094017,0.0094017
readmr_4,580.0,2.0,0.0,2.0,2.0,2.0,2.0,2.0,2.0,2.0
readmr_5,580.0,255.0,0.0,255.0,255.0,255.0,255.0,255.0,255.0,255.0
readmr_6,580.0,7.0,0.0,7.0,7.0,7.0,7.0,7.0,7.0,7.0
readmr_8,580.0,24.0,0.0,24.0,24.0,24.0,24.0,24.0,24.0,24.0
