Time_Human,Time_Unix_ms,CPU_Load_1m,CPU_Freq_MHz,Core_0_%,Core_1_%,Core_2_%,Core_3_%,RAM_Used_%,Swap_Used_%,Disk_Write_MBps,Temp_C,Throttled
14:33:50.551,1775763230551,1.07,2400,0.0,100.0,100.0,0.0,3.2,0.0,0.0,80.4,0x0
14:33:51.056,1775763231056,1.07,2400,0.0,98.0,100.0,0.0,3.3,0.0,0.34,80.4,0x0
14:33:51.561,1775763231561,1.07,2400,0.0,100.0,100.0,0.0,3.3,0.0,0.062,81.5,0x0
14:33:52.066,1775763232066,1.07,2400,0.0,100.0,100.0,0.0,3.3,0.0,0.062,82.0,0x80008
14:33:52.571,1775763232571,1.14,2400,0.0,100.0,100.0,0.0,3.3,0.0,0.062,80.4,0x80000
14:33:53.077,1775763233077,1.14,2400,0.0,100.0,100.0,0.0,3.3,0.0,0.062,81.5,0x80000
14:33:53.582,1775763233582,1.14,2400,0.0,100.0,100.0,0.0,3.3,0.0,0.062,81.0,0x80008
14:33:54.087,1775763234087,1.14,2400,0.0,100.0,100.0,0.0,3.3,0.0,0.062,81.5,0x80000
14:33:54.592,1775763234592,1.14,2400,0.0,100.0,100.0,0.0,3.3,0.0,0.062,82.6,0x80008
14:33:55.097,1775763235097,1.14,2400,13.7,100.0,100.0,0.0,3.3,0.0,0.696,82.6,0x80000
14:33:55.602,1775763235602,1.14,2400,0.0,100.0,100.0,0.0,3.3,0.0,0.201,81.5,0x80008
14:33:56.107,1775763236107,1.14,2400,0.0,98.0,100.0,0.0,3.3,0.0,0.077,82.6,0x80008
14:33:56.612,1775763236612,1.14,2400,0.0,100.0,100.0,0.0,3.3,0.0,0.062,82.6,0x80008
14:33:57.117,1775763237117,1.14,2400,0.0,100.0,100.0,0.0,3.3,0.0,0.093,82.6,0x80008
14:33:57.623,1775763237623,1.21,2400,0.0,100.0,100.0,0.0,3.3,0.0,0.062,82.0,0x80008
14:33:58.128,1775763238128,1.21,2400,2.0,100.0,100.0,0.0,3.3,0.0,0.062,82.6,0x80008
14:33:58.633,1775763238633,1.21,2400,0.0,100.0,100.0,0.0,3.3,0.0,0.062,82.6,0x80008
14:33:59.138,1775763239138,1.21,2400,0.0,100.0,100.0,0.0,3.3,0.0,0.062,83.2,0x80008
14:33:59.643,1775763239643,1.21,2400,0.0,100.0,100.0,0.0,3.3,0.0,0.062,82.6,0x80008
14:34:00.148,1775763240148,1.21,2400,11.3,100.0,100.0,0.0,3.3,0.0,0.634,82.6,0x80008
14:34:00.653,1775763240653,1.21,2400,0.0,100.0,100.0,1.9,3.3,0.0,0.217,81.5,0x80008
14:34:01.158,1775763241158,1.21,2400,2.0,100.0,100.0,0.0,3.3,0.0,0.062,84.2,0x80008
14:34:01.664,1775763241664,1.21,2400,1.9,100.0,100.0,0.0,3.3,0.0,0.062,82.6,0x80008
14:34:02.169,1775763242169,1.21,2400,60.4,98.2,100.0,16.4,3.3,0.0,0.294,83.2,0x80008
14:34:02.674,1775763242674,1.27,2400,2.2,100.0,100.0,0.0,3.3,0.0,0.186,84.2,0xe0008
14:34:03.179,1775763243179,1.27,2400,1.9,100.0,100.0,0.0,3.3,0.0,0.108,83.2,0xe0008
14:34:03.684,1775763243684,1.27,2400,0.0,100.0,100.0,0.0,3.3,0.0,0.062,82.6,0xe0008
14:34:04.189,1775763244189,1.27,2400,9.4,100.0,100.0,0.0,3.3,0.0,0.062,82.0,0xe0008
14:34:04.694,1775763244694,1.27,2400,0.0,100.0,100.0,0.0,3.3,0.0,0.062,82.0,0xe0008
14:34:05.202,1775763245202,1.27,2400,9.3,100.0,100.0,0.0,3.3,0.0,0.646,84.2,0xe0006
14:34:05.707,1775763245707,1.27,2400,0.0,100.0,100.0,0.0,3.3,0.0,0.201,83.2,0xe0008
14:34:06.212,1775763246212,1.27,2400,2.0,100.0,100.0,0.0,3.3,0.0,0.062,84.2,0xe0006
14:34:06.717,1775763246717,1.27,2400,2.0,100.0,100.0,0.0,3.3,0.0,0.077,81.5,0xe0008
14:34:07.223,1775763247223,1.27,2400,2.0,100.0,100.0,0.0,3.3,0.0,0.093,84.2,0xe0008
14:34:07.728,1775763247728,1.33,2400,0.0,98.0,100.0,0.0,3.3,0.0,0.062,83.7,0xe0008
14:34:08.233,1775763248233,1.33,2400,0.0,100.0,100.0,1.8,3.3,0.0,0.062,82.6,0xe0008
14:34:08.738,1775763248738,1.33,2400,0.0,100.0,100.0,0.0,3.3,0.0,0.062,83.2,0xe0008
14:34:09.243,1775763249243,1.33,2400,2.0,100.0,100.0,32.0,3.5,0.0,4.145,82.6,0xe0008
14:34:09.748,1775763249748,1.33,2400,0.0,100.0,100.0,0.0,3.5,0.0,0.108,84.8,0xe0008
14:34:10.253,1775763250253,1.33,2400,0.0,100.0,100.0,11.5,3.6,0.0,0.866,84.2,0xe0008
14:34:10.758,1775763250758,1.33,2400,11.5,100.0,100.0,11.8,3.3,0.0,0.402,84.2,0xe0008
14:34:11.263,1775763251263,1.33,2400,0.0,100.0,100.0,0.0,3.3,0.0,0.108,84.2,0xe0008
14:34:11.769,1775763251769,1.33,2400,0.0,100.0,100.0,0.0,3.3,0.0,0.062,84.2,0xe0008
14:34:12.274,1775763252274,1.33,2400,0.0,100.0,100.0,0.0,3.3,0.0,0.062,82.6,0xe0008
14:34:12.779,1775763252779,1.39,2400,0.0,98.0,100.0,0.0,3.3,0.0,0.062,84.2,0xe0008
14:34:13.284,1775763253284,1.39,2400,0.0,100.0,100.0,0.0,3.3,0.0,0.062,83.2,0xe0000
14:34:13.789,1775763253789,1.39,2400,0.0,100.0,100.0,1.9,3.3,0.0,0.062,82.0,0xe0008
14:34:14.294,1775763254294,1.39,2400,2.0,100.0,100.0,0.0,3.3,0.0,0.108,82.0,0xe0008
14:34:14.799,1775763254799,1.39,2400,0.0,100.0,100.0,0.0,3.3,0.0,0.062,83.7,0xe0008
14:34:15.304,1775763255304,1.39,2400,0.0,100.0,100.0,0.0,3.3,0.0,0.062,83.2,0xe0008
14:34:15.810,1775763255810,1.39,2400,9.6,100.0,100.0,0.0,3.3,0.0,0.742,84.2,0xe0008
14:34:16.315,1775763256315,1.39,2400,0.0,100.0,100.0,0.0,3.3,0.0,0.201,83.7,0xe0008
14:34:16.820,1775763256820,1.39,2400,0.0,100.0,100.0,0.0,3.3,0.0,0.077,83.2,0xe0008
14:34:17.325,1775763257325,1.39,2400,0.0,100.0,100.0,0.0,3.3,0.0,0.093,83.2,0xe0008
14:34:17.830,1775763257830,1.44,2400,0.0,100.0,100.0,0.0,3.3,0.0,0.062,84.8,0xe0006
14:34:18.335,1775763258335,1.44,2400,0.0,98.1,100.0,0.0,3.3,0.0,0.062,84.8,0xe0008
14:34:18.840,1775763258840,1.44,2400,0.0,100.0,100.0,0.0,3.3,0.0,0.062,83.7,0xe0008
14:34:19.345,1775763259345,1.44,2400,0.0,100.0,100.0,0.0,3.3,0.0,0.062,83.2,0xe0006
14:34:19.850,1775763259850,1.44,2400,0.0,100.0,100.0,0.0,3.3,0.0,0.062,83.7,0xe0008
14:34:20.356,1775763260356,1.44,2400,0.0,100.0,100.0,0.0,3.3,0.0,0.062,83.2,0xe0008
14:34:20.861,1775763260861,1.44,2400,20.8,100.0,100.0,0.0,3.3,0.0,1.083,85.3,0xe0008
14:34:21.366,1775763261366,1.44,2400,10.4,100.0,100.0,0.0,3.3,0.0,0.387,84.2,0xe0008
14:34:21.871,1775763261871,1.44,2400,1.9,100.0,100.0,0.0,3.3,0.0,0.093,82.6,0xe0008
14:34:22.376,1775763262376,1.44,2400,0.0,100.0,100.0,2.0,3.3,0.0,0.062,83.7,0xe0008
14:34:22.881,1775763262881,1.48,2400,0.0,100.0,100.0,0.0,3.3,0.0,0.062,84.8,0xe0008
14:34:23.386,1775763263386,1.48,2400,0.0,100.0,100.0,0.0,3.3,0.0,0.062,82.0,0xe0008
14:34:23.891,1775763263891,1.48,2400,0.0,98.1,100.0,0.0,3.3,0.0,0.062,83.7,0xe0008
14:34:24.397,1775763264397,1.48,2400,0.0,100.0,100.0,0.0,3.3,0.0,0.062,83.7,0xe0006
14:34:24.902,1775763264902,1.48,2400,0.0,100.0,100.0,0.0,3.3,0.0,0.093,82.6,0xe0008
14:34:25.407,1775763265407,1.48,2400,0.0,100.0,100.0,0.0,3.3,0.0,0.093,84.8,0xe0008
14:34:25.912,1775763265912,1.48,2400,9.4,100.0,100.0,0.0,3.3,0.0,0.65,83.7,0xe0008
14:34:26.417,1775763266417,1.48,2400,2.1,100.0,100.0,0.0,3.3,0.0,0.201,84.2,0xe0008
14:34:26.922,1775763266922,1.48,2400,0.0,100.0,100.0,0.0,3.3,0.0,0.108,82.6,0xe0008
14:34:27.427,1775763267427,1.48,2400,1.9,100.0,100.0,0.0,3.3,0.0,0.093,83.7,0xe0008
14:34:27.932,1775763267932,1.52,2400,0.0,100.0,100.0,0.0,3.3,0.0,0.062,84.8,0xe0006
14:34:28.437,1775763268437,1.52,2400,0.0,100.0,100.0,0.0,3.3,0.0,0.062,83.7,0xe0008
14:34:28.943,1775763268943,1.52,2400,0.0,100.0,100.0,0.0,3.3,0.0,0.062,82.0,0xe0008
14:34:29.448,1775763269448,1.52,2400,1.9,98.1,100.0,0.0,3.3,0.0,0.062,83.7,0xe0008
14:34:29.953,1775763269953,1.52,2400,0.0,100.0,100.0,0.0,3.3,0.0,3.588,82.0,0xe0008
14:34:30.458,1775763270458,1.52,2400,0.0,100.0,100.0,0.0,3.3,0.0,0.077,83.7,0xe0008
14:34:30.963,1775763270963,1.52,2400,0.0,100.0,100.0,0.0,3.3,0.0,0.433,84.8,0xe0006
14:34:31.468,1775763271468,1.52,2400,9.4,100.0,100.0,1.8,3.3,0.0,0.371,83.7,0xe0008
14:34:31.973,1775763271973,1.52,2400,0.0,100.0,100.0,0.0,3.3,0.0,0.217,82.6,0xe0008
14:34:32.478,1775763272478,1.52,2400,0.0,100.0,100.0,0.0,3.3,0.0,0.062,83.2,0xe0008
14:34:32.984,1775763272984,1.56,2400,2.0,100.0,100.0,0.0,3.3,0.0,0.062,84.2,0xe0008
14:34:33.489,1775763273489,1.56,2400,0.0,100.0,100.0,0.0,3.3,0.0,0.062,84.8,0xe0008
14:34:33.994,1775763273994,1.56,2400,0.0,100.0,100.0,0.0,3.3,0.0,0.062,84.2,0xe0008
14:34:34.499,1775763274499,1.56,2400,2.0,98.0,100.0,0.0,3.3,0.0,0.062,83.2,0xe0008
14:34:35.004,1775763275004,1.56,2400,0.0,100.0,100.0,0.0,3.3,0.0,0.062,82.6,0xe0008
14:34:35.509,1775763275509,1.56,2400,0.0,100.0,100.0,0.0,3.3,0.0,0.062,83.7,0xe0008
14:34:36.014,1775763276014,1.56,2400,0.0,100.0,100.0,0.0,3.3,0.0,0.062,82.6,0xe0008
14:34:36.519,1775763276519,1.56,2400,14.0,100.0,100.0,2.0,3.3,0.0,0.588,85.9,0xe0006
14:34:37.025,1775763277025,1.56,2400,10.0,100.0,100.0,0.0,3.3,0.0,0.201,82.6,0xe0008
14:34:37.530,1775763277530,1.56,2400,0.0,100.0,100.0,0.0,3.3,0.0,0.077,84.8,0xe0008
14:34:38.035,1775763278035,1.6,2400,0.0,100.0,100.0,0.0,3.3,0.0,0.093,83.7,0xe0008
14:34:38.540,1775763278540,1.6,2400,0.0,100.0,100.0,0.0,3.3,0.0,0.108,83.2,0xe0008
14:34:39.045,1775763279045,1.6,2400,0.0,100.0,100.0,0.0,3.3,0.0,0.062,84.8,0xe0008
14:34:39.550,1775763279550,1.6,2400,0.0,98.0,100.0,0.0,3.3,0.0,0.062,84.2,0xe0008
14:34:40.056,1775763280056,1.6,2400,3.7,100.0,100.0,0.0,3.3,0.0,2.753,84.8,0xe0008
14:34:40.561,1775763280561,1.6,2400,0.0,100.0,100.0,0.0,3.3,0.0,0.077,85.9,0xe0006
14:34:41.066,1775763281066,1.6,2400,0.0,100.0,100.0,36.0,3.5,0.0,0.062,83.7,0xe0008
14:34:41.571,1775763281571,1.6,2400,10.0,100.0,100.0,4.0,3.5,0.0,0.681,82.0,0xe0008
14:34:42.076,1775763282076,1.6,2400,0.0,100.0,100.0,0.0,3.5,0.0,0.51,82.6,0xe0008
14:34:42.581,1775763282581,1.71,2400,3.8,100.0,100.0,25.0,3.3,0.0,0.309,84.2,0xe0008
14:34:43.086,1775763283086,1.71,2400,0.0,100.0,100.0,2.0,3.3,0.0,0.217,83.7,0xe0008
14:34:43.591,1775763283591,1.71,2400,0.0,100.0,100.0,0.0,3.3,0.0,0.093,85.3,0xe0008
14:34:44.097,1775763284097,1.71,2400,0.0,100.0,100.0,0.0,3.3,0.0,0.062,83.7,0xe0008
14:34:44.602,1775763284602,1.71,2400,0.0,98.0,100.0,0.0,3.3,0.0,0.062,84.8,0xe0008
14:34:45.107,1775763285107,1.71,2400,0.0,100.0,100.0,0.0,3.3,0.0,0.062,84.8,0xe0008
14:34:45.612,1775763285612,1.71,2400,2.0,100.0,100.0,0.0,3.3,0.0,0.062,83.7,0xe0006
14:34:46.117,1775763286117,1.71,2400,0.0,100.0,100.0,0.0,3.3,0.0,0.062,83.7,0xe0008
14:34:46.622,1775763286622,1.71,2400,11.5,100.0,100.0,0.0,3.3,0.0,0.619,83.2,0xe0006
14:34:47.127,1775763287127,1.71,2400,0.0,100.0,100.0,0.0,3.3,0.0,0.217,84.2,0xe0008
14:34:47.632,1775763287632,1.73,2400,0.0,100.0,100.0,0.0,3.3,0.0,0.077,83.7,0xe0008
14:34:48.138,1775763288138,1.73,2400,0.0,100.0,100.0,0.0,3.3,0.0,0.093,82.6,0xe0008
14:34:48.643,1775763288643,1.73,2400,0.0,100.0,100.0,0.0,3.3,0.0,0.062,84.2,0xe0008
14:34:49.148,1775763289148,1.73,2400,0.0,100.0,100.0,0.0,3.3,0.0,0.062,85.3,0xe0008
14:34:49.653,1775763289653,1.73,2400,0.0,100.0,100.0,0.0,3.3,0.0,0.062,82.6,0xe0008
14:34:50.158,1775763290158,1.73,2400,2.0,98.0,100.0,0.0,3.3,0.0,0.062,82.6,0xe0008
14:34:50.663,1775763290663,1.73,2400,0.0,100.0,100.0,0.0,3.3,0.0,0.062,84.2,0xe0008
14:34:51.168,1775763291168,1.73,2400,2.0,100.0,100.0,2.0,3.3,0.0,0.062,84.2,0xe0006
14:34:51.673,1775763291673,1.73,2400,0.0,100.0,100.0,0.0,3.3,0.0,0.402,84.2,0xe0006
14:34:52.178,1775763292178,1.73,2400,9.4,100.0,100.0,0.0,3.3,0.0,0.34,84.2,0xe0008
14:34:52.684,1775763292684,1.75,2400,0.0,100.0,100.0,0.0,3.3,0.0,0.217,85.3,0xe0008
14:34:53.189,1775763293189,1.75,2400,1.9,98.1,100.0,0.0,3.3,0.0,0.062,84.2,0xe0008
14:34:53.694,1775763293694,1.75,2400,8.5,100.0,100.0,0.0,3.3,0.0,0.062,84.8,0xe0008
14:34:54.199,1775763294199,1.75,2400,0.0,100.0,100.0,0.0,3.3,0.0,0.062,83.7,0xe0008
14:34:54.704,1775763294704,1.75,2400,0.0,100.0,100.0,0.0,3.3,0.0,0.062,84.2,0xe0006
14:34:55.209,1775763295209,1.75,2400,0.0,100.0,100.0,0.0,3.3,0.0,0.062,84.2,0xe0008
14:34:55.714,1775763295714,1.75,2400,0.0,100.0,100.0,0.0,3.3,0.0,0.062,84.2,0xe0008
14:34:56.219,1775763296219,1.75,2400,2.0,100.0,100.0,0.0,3.3,0.0,0.062,85.3,0xe0008
14:34:56.724,1775763296724,1.75,2400,2.0,100.0,100.0,0.0,3.3,0.0,0.062,82.6,0xe0008
14:34:57.230,1775763297230,1.75,2400,13.7,100.0,100.0,1.9,3.3,0.0,0.588,83.7,0xe0008
14:34:57.735,1775763297735,1.77,2400,0.0,100.0,100.0,0.0,3.3,0.0,0.232,83.7,0xe0008
14:34:58.240,1775763298240,1.77,2400,1.9,98.1,100.0,0.0,3.3,0.0,0.093,85.3,0xe0008
14:34:58.745,1775763298745,1.77,2400,0.0,100.0,100.0,0.0,3.3,0.0,0.062,83.2,0xe0006
14:34:59.250,1775763299250,1.77,2400,0.0,100.0,100.0,0.0,3.3,0.0,0.062,85.9,0xe0006
14:34:59.755,1775763299755,1.77,2400,0.0,100.0,100.0,0.0,3.3,0.0,0.062,83.7,0xe0008
14:35:00.260,1775763300260,1.77,2400,0.0,100.0,100.0,0.0,3.3,0.0,0.062,84.2,0xe0008
14:35:00.765,1775763300765,1.77,2400,0.0,100.0,100.0,0.0,3.3,0.0,0.062,82.6,0xe0008
14:35:01.271,1775763301271,1.77,2400,0.0,100.0,100.0,1.9,3.3,0.0,0.062,83.2,0xe0008
14:35:01.776,1775763301776,1.77,2400,0.0,100.0,100.0,0.0,3.3,0.0,0.139,84.2,0xe0006
14:35:02.281,1775763302281,1.77,2400,10.0,100.0,100.0,0.0,3.3,0.0,0.634,82.0,0xe0008
14:35:02.786,1775763302786,1.79,2400,0.0,100.0,100.0,0.0,3.3,0.0,0.201,83.7,0xe0008
14:35:03.291,1775763303291,1.79,2400,0.0,100.0,100.0,0.0,3.3,0.0,0.139,83.2,0xe0008
14:35:03.796,1775763303796,1.79,2400,1.9,98.1,100.0,0.0,3.3,0.0,0.062,83.7,0xe0006
14:35:04.301,1775763304301,1.79,2400,2.0,100.0,100.0,0.0,3.3,0.0,0.062,83.7,0xe0008
14:35:04.806,1775763304806,1.79,2400,0.0,100.0,100.0,1.9,3.3,0.0,0.062,82.6,0xe0006
14:35:05.312,1775763305312,1.79,2400,0.0,100.0,100.0,0.0,3.3,0.0,0.062,84.2,0xe0006
14:35:05.817,1775763305817,1.79,2400,0.0,100.0,100.0,0.0,3.3,0.0,0.062,83.7,0xe0008
14:35:06.322,1775763306322,1.79,2400,1.9,100.0,100.0,0.0,3.3,0.0,0.062,84.2,0xe0006
14:35:06.827,1775763306827,1.79,2400,0.0,100.0,100.0,0.0,3.3,0.0,0.062,83.7,0xe0008
14:35:07.332,1775763307332,1.79,2400,9.4,100.0,100.0,0.0,3.3,0.0,0.603,85.3,0xe0008
14:35:07.837,1775763307837,1.81,2400,2.1,100.0,100.0,0.0,3.3,0.0,0.201,84.2,0xe0006
14:35:08.342,1775763308342,1.81,2400,0.0,100.0,100.0,0.0,3.3,0.0,0.108,85.3,0xe0006
14:35:08.847,1775763308847,1.81,2400,0.0,100.0,100.0,0.0,3.3,0.0,0.093,83.7,0xe0008
14:35:09.352,1775763309352,1.81,2400,1.8,98.2,100.0,0.0,3.3,0.0,0.062,84.8,0xe0008
14:35:09.858,1775763309858,1.81,2400,8.2,100.0,100.0,0.0,3.3,0.0,0.062,83.7,0xe0006
14:35:10.363,1775763310363,1.81,2400,0.0,100.0,100.0,0.0,3.3,0.0,0.062,83.7,0xe0008
14:35:10.868,1775763310868,1.81,2400,2.0,100.0,100.0,0.0,3.3,0.0,3.635,83.2,0xe0008
14:35:11.373,1775763311373,1.81,2400,0.0,100.0,100.0,0.0,3.3,0.0,0.062,84.8,0xe0008
14:35:11.878,1775763311878,1.81,2400,0.0,100.0,100.0,0.0,3.3,0.0,0.062,85.3,0xe0008
14:35:12.383,1775763312383,1.81,2400,0.0,100.0,100.0,0.0,3.3,0.0,0.402,83.7,0xe0008
14:35:12.888,1775763312888,2.23,2400,14.6,100.0,100.0,34.7,3.5,0.0,0.387,85.9,0xe0006
14:35:13.393,1775763313393,2.23,2400,0.0,100.0,100.0,0.0,3.5,0.0,0.108,82.6,0xe0008
14:35:13.899,1775763313899,2.23,2400,3.9,100.0,100.0,23.5,3.3,0.0,0.603,85.3,0xe0008
14:35:14.404,1775763314404,2.23,2400,3.8,98.0,100.0,0.0,3.3,0.0,0.217,83.7,0xe0008
14:35:14.909,1775763314909,2.23,2400,0.0,100.0,100.0,0.0,3.3,0.0,0.093,84.2,0xe0008
14:35:15.414,1775763315414,2.23,2400,0.0,100.0,100.0,0.0,3.3,0.0,0.062,83.2,0xe0008
14:35:15.919,1775763315919,2.23,2400,1.9,100.0,100.0,0.0,3.3,0.0,3.588,83.7,0xe0008
14:35:16.424,1775763316424,2.23,2400,0.0,100.0,100.0,0.0,3.3,0.0,0.062,83.2,0xe0008
14:35:16.929,1775763316929,2.23,2400,0.0,100.0,100.0,0.0,3.3,0.0,0.062,83.7,0xe0008
14:35:17.434,1775763317434,2.23,2400,0.0,100.0,100.0,0.0,3.3,0.0,0.062,83.7,0xe0008
14:35:17.939,1775763317939,2.21,2400,12.0,100.0,100.0,0.0,3.3,0.0,0.727,84.8,0xe0006
14:35:18.445,1775763318445,2.21,2400,0.0,100.0,100.0,0.0,3.3,0.0,0.217,84.2,0xe0008
14:35:18.950,1775763318950,2.21,2400,0.0,100.0,100.0,0.0,3.3,0.0,0.062,84.2,0xe0008
14:35:19.455,1775763319455,2.21,2400,0.0,98.0,100.0,0.0,3.3,0.0,0.062,83.7,0xe0008
14:35:19.960,1775763319960,2.21,2400,1.9,100.0,100.0,0.0,3.3,0.0,0.062,83.7,0xe0008
14:35:20.465,1775763320465,2.21,2400,0.0,100.0,100.0,0.0,3.3,0.0,0.062,84.2,0xe0008
14:35:20.970,1775763320970,2.21,2400,0.0,100.0,100.0,0.0,3.3,0.0,0.062,84.8,0xe0008
14:35:21.475,1775763321475,2.21,2400,0.0,100.0,100.0,1.9,3.3,0.0,0.062,84.2,0xe0006
14:35:21.980,1775763321980,2.21,2400,0.0,100.0,100.0,0.0,3.3,0.0,0.062,85.3,0xe0006
14:35:22.486,1775763322486,2.21,2400,0.0,100.0,100.0,0.0,3.3,0.0,0.062,85.3,0xe0008
14:35:22.991,1775763322991,2.19,2400,13.2,100.0,100.0,0.0,3.3,0.0,0.65,83.2,0xe0006
14:35:23.496,1775763323496,2.19,2400,0.0,100.0,100.0,0.0,3.3,0.0,0.201,83.7,0xe0008
14:35:24.001,1775763324001,2.19,2400,0.0,100.0,100.0,0.0,3.3,0.0,0.062,84.2,0xe0006
14:35:24.506,1775763324506,2.19,2400,0.0,100.0,100.0,0.0,3.3,0.0,0.062,82.0,0xe0008
14:35:25.011,1775763325011,2.19,2400,0.0,98.0,100.0,0.0,3.3,0.0,0.062,84.2,0xe0006
14:35:25.516,1775763325516,2.19,2400,2.0,100.0,100.0,0.0,3.3,0.0,0.062,83.2,0xe0008
14:35:26.021,1775763326021,2.19,2400,0.0,100.0,100.0,0.0,3.3,0.0,0.062,83.7,0xe0008
14:35:26.526,1775763326526,2.19,2400,8.3,100.0,100.0,0.0,3.3,0.0,0.062,84.8,0xe0008
14:35:27.032,1775763327032,2.19,2400,3.8,100.0,100.0,0.0,3.3,0.0,0.062,83.2,0xe0008
14:35:27.537,1775763327537,2.19,2400,0.0,100.0,100.0,0.0,3.3,0.0,0.139,84.8,0xe0008
14:35:28.047,1775763328047,2.17,2400,9.6,100.0,100.0,0.0,3.3,0.0,0.658,82.0,0xe0008
14:35:28.552,1775763328552,2.17,2400,0.0,100.0,100.0,0.0,3.3,0.0,0.201,84.2,0xe0006
14:35:29.057,1775763329057,2.17,2400,0.0,100.0,100.0,0.0,3.3,0.0,0.093,84.2,0xe0008
14:35:29.562,1775763329562,2.17,2400,0.0,100.0,100.0,0.0,3.3,0.0,0.062,84.2,0xe0006
14:35:30.067,1775763330067,2.17,2400,0.0,98.1,100.0,0.0,3.3,0.0,0.062,83.2,0xe0008
14:35:30.573,1775763330573,2.17,2400,1.9,100.0,100.0,0.0,3.3,0.0,0.062,84.2,0xe0008
14:35:31.078,1775763331078,2.17,2400,0.0,100.0,100.0,0.0,3.3,0.0,0.062,83.7,0xe0008
14:35:31.583,1775763331583,2.17,2400,0.0,100.0,100.0,0.0,3.3,0.0,0.062,84.2,0xe0008
14:35:32.088,1775763332088,2.17,2400,0.0,100.0,100.0,0.0,3.3,0.0,0.062,82.6,0xe0008
14:35:32.593,1775763332593,2.17,2400,0.0,100.0,100.0,0.0,3.3,0.0,0.062,82.6,0xe0006
14:35:33.098,1775763333098,2.16,2400,0.0,100.0,100.0,0.0,3.3,0.0,0.464,84.2,0xe0008
14:35:33.603,1775763333603,2.16,2400,9.3,100.0,100.0,0.0,3.3,0.0,0.418,83.7,0xe0008
14:35:34.108,1775763334108,2.16,2400,0.0,100.0,100.0,0.0,3.3,0.0,0.093,84.8,0xe0008
14:35:34.613,1775763334613,2.16,2400,0.0,100.0,100.0,2.0,3.3,0.0,0.062,83.2,0xe0008
14:35:35.119,1775763335119,2.16,2400,0.0,100.0,100.0,0.0,3.3,0.0,0.062,83.7,0xe0008
14:35:35.624,1775763335624,2.16,2400,0.0,98.0,100.0,0.0,3.3,0.0,0.062,85.3,0xe0006
14:35:36.129,1775763336129,2.16,2400,0.0,100.0,100.0,0.0,3.3,0.0,0.062,84.2,0xe0006
14:35:36.634,1775763336634,2.16,2400,0.0,100.0,100.0,0.0,3.3,0.0,0.062,83.7,0xe0008
14:35:37.139,1775763337139,2.16,2400,1.9,100.0,100.0,0.0,3.3,0.0,0.062,84.2,0xe0008
14:35:37.644,1775763337644,2.15,2400,0.0,100.0,100.0,0.0,3.3,0.0,0.062,83.7,0xe0008
14:35:38.149,1775763338149,2.15,2400,0.0,100.0,100.0,0.0,3.3,0.0,0.418,84.2,0xe0008
14:35:38.654,1775763338654,2.15,2400,11.8,100.0,100.0,0.0,3.3,0.0,0.371,84.2,0xe0008
14:35:39.160,1775763339160,2.15,2400,2.0,100.0,100.0,0.0,3.3,0.0,0.201,84.2,0xe0008
14:35:39.665,1775763339665,2.15,2400,0.0,100.0,100.0,0.0,3.3,0.0,0.062,84.8,0xe0006
14:35:40.170,1775763340170,2.15,2400,0.0,100.0,100.0,0.0,3.3,0.0,0.062,84.2,0xe0008
14:35:40.675,1775763340675,2.15,2400,2.0,98.0,100.0,0.0,3.3,0.0,0.062,83.7,0xe0008
14:35:41.180,1775763341180,2.15,2400,0.0,100.0,100.0,0.0,3.3,0.0,0.062,83.7,0xe0008
14:35:41.685,1775763341685,2.15,2400,0.0,100.0,100.0,0.0,3.3,0.0,0.309,83.2,0xe0008
14:35:42.190,1775763342190,2.15,2400,0.0,100.0,100.0,0.0,3.3,0.0,0.062,84.8,0xe0006
14:35:42.695,1775763342695,2.14,2400,7.8,100.0,100.0,0.0,3.3,0.0,0.062,85.9,0xe0006
14:35:43.200,1775763343200,2.14,2400,0.0,100.0,100.0,0.0,3.3,0.0,0.062,84.2,0xe0008
14:35:43.708,1775763343708,2.14,2400,13.7,100.0,100.0,1.9,3.3,0.0,0.693,84.8,0xe0008
14:35:44.213,1775763344213,2.14,2400,0.0,100.0,100.0,0.0,3.3,0.0,0.201,84.2,0xe0006
14:35:44.718,1775763344718,2.14,2400,0.0,100.0,100.0,0.0,3.3,0.0,0.093,84.2,0xe0008
14:35:45.223,1775763345223,2.14,2400,2.0,100.0,100.0,38.0,3.5,0.0,0.077,83.2,0xe0008
14:35:45.728,1775763345728,2.14,2400,0.0,100.0,100.0,2.0,3.5,0.0,0.108,84.2,0xe0008
14:35:46.233,1775763346233,2.14,2400,1.9,98.1,100.0,14.8,3.6,0.0,0.541,84.2,0xe0006
14:35:46.738,1775763346738,2.14,2400,2.0,100.0,100.0,14.3,3.3,0.0,2.722,84.2,0xe0006
14:35:47.243,1775763347243,2.14,2400,0.0,100.0,100.0,0.0,3.3,0.0,0.108,83.2,0xe0008
14:35:47.748,1775763347748,2.12,2400,0.0,100.0,100.0,0.0,3.3,0.0,0.062,83.2,0xe0008
14:35:48.254,1775763348254,2.12,2400,0.0,100.0,100.0,0.0,3.3,0.0,0.062,84.2,0xe0006
14:35:48.759,1775763348759,2.12,2400,9.4,100.0,100.0,0.0,3.3,0.0,0.449,84.2,0xe0008
14:35:49.264,1775763349264,2.12,2400,0.0,100.0,100.0,0.0,3.3,0.0,0.387,84.8,0xe0008
14:35:49.769,1775763349769,2.12,2400,0.0,100.0,100.0,0.0,3.3,0.0,0.186,84.8,0xe0008
14:35:50.274,1775763350274,2.12,2400,0.0,100.0,100.0,0.0,3.3,0.0,0.093,84.8,0xe0006
14:35:50.779,1775763350779,2.12,2400,0.0,98.0,100.0,0.0,3.3,0.0,0.062,83.7,0xe0006
14:35:51.284,1775763351284,2.12,2400,0.0,100.0,100.0,0.0,3.3,0.0,0.062,83.2,0xe0008
14:35:51.789,1775763351789,2.12,2400,0.0,100.0,100.0,0.0,3.3,0.0,3.279,84.8,0xe0006
14:35:52.295,1775763352295,2.12,2400,2.0,100.0,100.0,0.0,3.3,0.0,0.077,83.2,0xe0008
14:35:52.800,1775763352800,2.11,2400,0.0,100.0,100.0,0.0,3.3,0.0,0.062,84.2,0xe0008
14:35:53.305,1775763353305,2.11,2400,0.0,100.0,100.0,0.0,3.3,0.0,0.062,83.7,0xe0008
14:35:53.810,1775763353810,2.11,2400,0.0,100.0,100.0,0.0,3.3,0.0,0.062,84.2,0xe0008
14:35:54.315,1775763354315,2.11,2400,12.2,100.0,100.0,0.0,3.3,0.0,0.65,85.3,0xe0006
14:35:54.820,1775763354820,2.11,2400,0.0,100.0,100.0,0.0,3.3,0.0,0.186,84.2,0xe0006
14:35:55.325,1775763355325,2.11,2400,0.0,100.0,100.0,0.0,3.3,0.0,0.093,84.2,0xe0006
14:35:55.830,1775763355830,2.11,2400,1.9,98.1,100.0,0.0,3.3,0.0,0.062,85.9,0xe0008
14:35:56.336,1775763356336,2.11,2400,0.0,100.0,100.0,0.0,3.3,0.0,0.062,85.3,0xe0008
14:35:56.841,1775763356841,2.11,2400,1.9,100.0,100.0,1.9,3.3,0.0,0.062,81.5,0xe0008
14:35:57.346,1775763357346,2.11,2400,0.0,100.0,100.0,0.0,3.3,0.0,0.062,83.7,0xe0006
14:35:57.851,1775763357851,2.1,2400,2.0,100.0,100.0,0.0,3.3,0.0,0.062,84.2,0xe0008
14:35:58.356,1775763358356,2.1,2400,2.0,100.0,100.0,0.0,3.3,0.0,0.062,83.2,0xe0008
14:35:58.861,1775763358861,2.1,2400,0.0,100.0,100.0,0.0,3.3,0.0,0.062,83.7,0xe0006
14:35:59.366,1775763359366,2.1,2400,16.4,100.0,100.0,0.0,3.3,0.0,0.65,82.6,0xe0006
14:35:59.871,1775763359871,2.1,2400,0.0,100.0,100.0,0.0,3.3,0.0,0.217,83.7,0xe0006
14:36:00.376,1775763360376,2.1,2400,0.0,100.0,100.0,0.0,3.3,0.0,0.062,85.3,0xe0006
14:36:00.882,1775763360882,2.1,2400,0.0,100.0,100.0,0.0,3.3,0.0,0.062,83.7,0xe0008
14:36:01.392,1775763361392,2.1,2400,41.3,98.4,100.0,6.3,3.6,0.0,0.26,84.2,0xe0006
14:36:01.897,1775763361897,2.1,2400,90.2,100.0,36.6,15.0,3.3,0.0,0.217,83.2,0xe0008
14:36:02.402,1775763362402,2.1,2400,100.0,100.0,0.0,0.0,3.3,0.0,0.108,84.2,0xe0006
14:36:02.907,1775763362907,2.1,2400,100.0,100.0,0.0,0.0,3.3,0.0,0.062,83.2,0xe0008
14:36:03.412,1775763363412,2.1,2400,100.0,100.0,0.0,0.0,3.3,0.0,0.062,82.0,0xe0008
14:36:03.918,1775763363918,2.1,2400,100.0,100.0,0.0,0.0,3.3,0.0,0.062,84.2,0xe0008
14:36:04.423,1775763364423,2.1,2400,90.2,100.0,12.0,0.0,3.3,0.0,0.464,83.7,0xe0006
14:36:04.928,1775763364928,2.1,2400,11.8,100.0,100.0,0.0,3.3,0.0,0.402,85.3,0xe0006
14:36:05.433,1775763365433,2.1,2400,0.0,100.0,100.0,0.0,3.3,0.0,0.093,82.6,0xe0008
14:36:05.938,1775763365938,2.1,2400,0.0,100.0,100.0,0.0,3.3,0.0,0.062,83.2,0xe0008
14:36:06.443,1775763366443,2.1,2400,0.0,98.0,100.0,0.0,3.3,0.0,0.062,84.2,0xe0008
14:36:06.948,1775763366948,2.1,2400,0.0,100.0,100.0,0.0,3.3,0.0,0.062,85.9,0xe0008
14:36:07.453,1775763367453,2.1,2400,0.0,100.0,100.0,0.0,3.3,0.0,0.062,85.9,0xe0008
14:36:07.959,1775763367959,2.09,2400,0.0,100.0,100.0,0.0,3.3,0.0,0.062,83.7,0xe0008
14:36:08.464,1775763368464,2.09,2400,0.0,100.0,100.0,2.0,3.3,0.0,0.062,83.2,0xe0008
14:36:08.969,1775763368969,2.09,2400,2.0,100.0,100.0,0.0,3.3,0.0,0.062,84.2,0xe0006
14:36:09.474,1775763369474,2.09,2400,0.0,100.0,100.0,2.0,3.3,0.0,0.619,82.6,0xe0008
14:36:09.979,1775763369979,2.09,2400,9.8,100.0,100.0,1.9,3.3,0.0,4.238,84.2,0xe0006
14:36:10.484,1775763370484,2.09,2400,0.0,100.0,100.0,0.0,3.3,0.0,0.217,84.8,0xe0006
14:36:10.989,1775763370989,2.09,2400,0.0,100.0,100.0,0.0,3.3,0.0,0.062,84.8,0xe0006
14:36:11.494,1775763371494,2.09,2400,0.0,100.0,100.0,0.0,3.3,0.0,0.062,84.2,0xe0006
14:36:11.999,1775763371999,2.09,2400,0.0,100.0,100.0,0.0,3.3,0.0,0.062,82.6,0xe0008
14:36:12.505,1775763372505,2.09,2400,0.0,100.0,100.0,0.0,3.3,0.0,0.34,84.8,0xe0006
14:36:13.010,1775763373010,2.08,2400,0.0,98.1,100.0,1.9,3.3,0.0,0.062,85.3,0xe0008
14:36:13.515,1775763373515,2.08,2400,0.0,100.0,100.0,0.0,3.3,0.0,0.062,83.7,0xe0008
14:36:14.020,1775763374020,2.08,2400,0.0,100.0,100.0,0.0,3.3,0.0,0.062,83.2,0xe0008
14:36:14.525,1775763374525,2.08,2400,0.0,100.0,100.0,0.0,3.3,0.0,0.062,84.8,0xe0008
14:36:15.030,1775763375030,2.08,2400,9.6,100.0,100.0,1.9,3.3,0.0,0.619,84.8,0xe0008
14:36:15.535,1775763375535,2.08,2400,8.0,100.0,100.0,0.0,3.3,0.0,0.201,84.2,0xe0008
14:36:16.040,1775763376040,2.08,2400,0.0,100.0,100.0,0.0,3.3,0.0,0.093,83.2,0xe0008
14:36:16.546,1775763376546,2.08,2400,1.9,100.0,100.0,0.0,3.3,0.0,0.124,84.8,0xe0006
14:36:17.052,1775763377052,2.08,2400,0.0,100.0,100.0,37.5,3.6,0.0,0.17,84.8,0xe0008
14:36:17.557,1775763377557,2.08,2400,0.0,100.0,100.0,2.0,3.6,0.0,1.825,84.2,0xe0008
14:36:18.062,1775763378062,2.07,2400,0.0,100.0,100.0,2.0,3.6,0.0,0.449,84.8,0xe0008
14:36:18.567,1775763378567,2.07,2400,2.0,98.0,100.0,24.5,3.3,0.0,0.387,83.7,0xe0008
14:36:19.072,1775763379072,2.07,2400,0.0,100.0,100.0,0.0,3.3,0.0,0.108,83.2,0xe0008
14:36:19.578,1775763379578,2.07,2400,0.0,100.0,100.0,0.0,3.3,0.0,0.093,83.7,0xe0008
14:36:20.083,1775763380083,2.07,2400,8.0,100.0,100.0,2.0,3.3,0.0,0.619,85.9,0xe0006
14:36:20.588,1775763380588,2.07,2400,0.0,100.0,100.0,0.0,3.3,0.0,0.186,85.3,0xe0006
14:36:21.093,1775763381093,2.07,2400,9.4,100.0,100.0,0.0,3.3,0.0,0.449,84.8,0xe0006
14:36:21.598,1775763381598,2.07,2400,8.0,100.0,100.0,0.0,3.3,0.0,0.402,83.2,0xe0008
14:36:22.103,1775763382103,2.07,2400,0.0,100.0,100.0,0.0,3.3,0.0,0.062,84.8,0xe0008
14:36:22.608,1775763382608,2.07,2400,0.0,100.0,100.0,0.0,3.3,0.0,0.062,85.9,0xe0006
14:36:23.113,1775763383113,2.07,2400,0.0,100.0,100.0,0.0,3.3,0.0,0.062,85.3,0xe0008
14:36:23.618,1775763383618,2.07,2400,0.0,100.0,100.0,0.0,3.3,0.0,0.062,85.9,0xe0006
14:36:24.124,1775763384124,2.07,2400,0.0,100.0,100.0,2.0,3.3,0.0,0.062,83.7,0xe0006
14:36:24.629,1775763384629,2.07,2400,0.0,98.0,100.0,0.0,3.3,0.0,0.062,85.3,0xe0008
14:36:25.134,1775763385134,2.07,2400,0.0,100.0,100.0,0.0,3.3,0.0,0.418,84.2,0xe0006
14:36:25.639,1775763385639,2.07,2400,15.7,28.0,100.0,74.5,3.3,0.0,0.356,83.7,0xe0008
14:36:26.144,1775763386144,2.07,2400,0.0,0.0,100.0,100.0,3.3,0.0,0.201,83.7,0xe0008
14:36:26.649,1775763386649,2.07,2400,0.0,0.0,100.0,100.0,3.3,0.0,0.062,83.7,0xe0006
14:36:27.154,1775763387154,2.07,2400,0.0,0.0,100.0,100.0,3.3,0.0,0.062,84.2,0xe0008
14:36:27.659,1775763387659,2.06,2400,0.0,0.0,100.0,100.0,3.3,0.0,2.66,85.9,0xe0006
14:36:28.165,1775763388165,2.06,2400,0.0,0.0,100.0,100.0,3.3,0.0,0.077,83.2,0xe0006
14:36:28.670,1775763388670,2.06,2400,0.0,0.0,100.0,100.0,3.3,0.0,0.062,84.8,0xe0008
14:36:29.175,1775763389175,2.06,2400,0.0,0.0,100.0,100.0,3.3,0.0,0.062,85.3,0xe0006
14:36:29.680,1775763389680,2.06,2400,0.0,0.0,100.0,100.0,3.3,0.0,0.062,82.6,0xe0008
14:36:30.185,1775763390185,2.06,2400,0.0,0.0,100.0,100.0,3.3,0.0,0.062,84.8,0xe0008
14:36:30.690,1775763390690,2.06,2400,9.6,0.0,100.0,100.0,3.3,0.0,0.603,84.8,0xe0008
14:36:31.195,1775763391195,2.06,2400,0.0,0.0,100.0,100.0,3.3,0.0,0.217,83.7,0xe0008
14:36:31.700,1775763391700,2.06,2400,2.0,0.0,100.0,98.0,3.3,0.0,0.062,84.2,0xe0008
14:36:32.205,1775763392205,2.06,2400,8.2,0.0,100.0,100.0,3.3,0.0,0.062,84.2,0xe0006
14:36:32.711,1775763392711,2.06,2400,0.0,2.0,100.0,100.0,3.3,0.0,0.062,83.7,0xe0008
14:36:33.216,1775763393216,2.06,2400,0.0,0.0,100.0,100.0,3.3,0.0,0.062,83.7,0xe0008
14:36:33.721,1775763393721,2.06,2400,0.0,0.0,100.0,100.0,3.3,0.0,0.062,82.0,0xe0008
14:36:34.226,1775763394226,2.06,2400,0.0,0.0,100.0,100.0,3.3,0.0,0.062,83.7,0xe0006
14:36:34.731,1775763394731,2.06,2400,0.0,0.0,100.0,100.0,3.3,0.0,0.062,85.9,0xe0008
14:36:35.236,1775763395236,2.06,2400,0.0,0.0,100.0,100.0,3.3,0.0,0.062,84.8,0xe0008
14:36:35.741,1775763395741,2.06,2400,12.2,0.0,100.0,100.0,3.3,0.0,0.603,85.3,0xe0008
14:36:36.246,1775763396246,2.06,2400,0.0,0.0,100.0,100.0,3.3,0.0,0.201,85.9,0xe0008
14:36:36.751,1775763396751,2.06,2400,0.0,0.0,100.0,100.0,3.3,0.0,0.093,83.2,0xe0006
14:36:37.257,1775763397257,2.06,2400,0.0,0.0,100.0,100.0,3.3,0.0,0.062,84.2,0xe0008
14:36:37.762,1775763397762,2.05,2400,0.0,0.0,100.0,100.0,3.3,0.0,0.062,82.6,0xe0008
14:36:38.267,1775763398267,2.05,2400,0.0,1.9,100.0,98.1,3.3,0.0,0.062,83.7,0xe0008
14:36:38.772,1775763398772,2.05,2400,0.0,0.0,100.0,100.0,3.3,0.0,0.062,84.8,0xe0008
14:36:39.277,1775763399277,2.05,2400,0.0,1.9,100.0,100.0,3.3,0.0,0.062,84.2,0xe0008
14:36:39.782,1775763399782,2.05,2400,0.0,0.0,100.0,100.0,3.3,0.0,0.062,84.8,0xe0006
14:36:40.287,1775763400287,2.05,2400,2.0,0.0,100.0,100.0,3.3,0.0,0.062,84.8,0xe0006
14:36:40.792,1775763400792,2.05,2400,2.0,0.0,100.0,100.0,3.3,0.0,0.479,84.8,0xe0006
14:36:41.297,1775763401297,2.05,2400,8.0,0.0,100.0,100.0,3.3,0.0,0.418,84.2,0xe0008
14:36:41.803,1775763401803,2.05,2400,0.0,0.0,100.0,100.0,3.3,0.0,0.093,84.2,0xe0006
14:36:42.308,1775763402308,2.05,2400,0.0,0.0,100.0,100.0,3.3,0.0,0.062,83.2,0xe0008
14:36:42.813,1775763402813,2.05,2400,0.0,2.0,100.0,100.0,3.3,0.0,0.062,85.3,0xe0008
14:36:43.318,1775763403318,2.05,2400,0.0,0.0,100.0,100.0,3.3,0.0,0.278,85.3,0xe0006
14:36:43.823,1775763403823,2.05,2400,0.0,0.0,100.0,100.0,3.3,0.0,0.062,84.2,0xe0008
14:36:44.328,1775763404328,2.05,2400,0.0,0.0,100.0,100.0,3.3,0.0,0.062,83.2,0xe0008
14:36:44.833,1775763404833,2.05,2400,0.0,0.0,100.0,98.0,3.3,0.0,0.062,84.2,0xe0008
14:36:45.338,1775763405338,2.05,2400,0.0,1.9,100.0,100.0,3.3,0.0,0.062,83.2,0xe0008
14:36:45.844,1775763405844,2.05,2400,0.0,0.0,100.0,100.0,3.3,0.0,0.418,82.6,0xe0006
14:36:46.349,1775763406349,2.05,2400,14.0,0.0,100.0,100.0,3.3,0.0,0.371,83.2,0xe0008
14:36:46.854,1775763406854,2.05,2400,0.0,0.0,100.0,100.0,3.3,0.0,0.201,84.2,0xe0006
14:36:47.359,1775763407359,2.05,2400,0.0,0.0,100.0,100.0,3.3,0.0,0.062,84.2,0xe0008
14:36:47.864,1775763407864,2.04,2400,0.0,0.0,100.0,100.0,3.3,0.0,0.062,85.3,0xe0006
14:36:48.369,1775763408369,2.04,2400,0.0,8.0,100.0,100.0,3.3,0.0,0.062,85.3,0xe0008
14:36:48.874,1775763408874,2.04,2400,1.9,5.9,100.0,100.0,3.4,0.0,0.062,84.2,0xe0008
14:36:49.379,1775763409379,2.04,2400,0.0,36.0,100.0,100.0,3.5,0.0,0.093,82.6,0xe0006
14:36:49.884,1775763409884,2.04,2400,4.1,0.0,100.0,100.0,3.5,0.0,0.108,85.3,0xe0006
14:36:50.390,1775763410390,2.04,2400,3.7,25.5,100.0,98.1,3.3,0.0,0.603,83.7,0xe0008
14:36:50.895,1775763410895,2.04,2400,0.0,0.0,100.0,100.0,3.3,0.0,0.232,84.8,0xe0006
14:36:51.400,1775763411400,2.04,2400,11.3,0.0,100.0,100.0,3.3,0.0,0.634,84.8,0xe0006
14:36:51.905,1775763411905,2.04,2400,0.0,0.0,100.0,100.0,3.3,0.0,0.186,83.7,0xe0008
14:36:52.410,1775763412410,2.04,2400,2.0,0.0,100.0,100.0,3.3,0.0,0.062,84.2,0xe0006
14:36:52.915,1775763412915,2.04,2400,0.0,0.0,100.0,100.0,3.3,0.0,0.062,84.2,0xe0006
14:36:53.420,1775763413420,2.04,2400,0.0,0.0,100.0,100.0,3.3,0.0,2.413,83.7,0xe0006
14:36:53.925,1775763413925,2.04,2400,0.0,0.0,100.0,100.0,3.3,0.0,0.062,85.9,0xe0008
14:36:54.431,1775763414431,2.04,2400,0.0,0.0,100.0,100.0,3.3,0.0,0.062,83.7,0xe0008
14:36:54.936,1775763414936,2.04,2400,0.0,0.0,100.0,100.0,3.3,0.0,0.062,83.7,0xe0008
14:36:55.441,1775763415441,2.04,2400,0.0,0.0,100.0,98.0,3.3,0.0,0.062,84.2,0xe0008
14:36:55.946,1775763415946,2.04,2400,0.0,0.0,100.0,100.0,3.3,0.0,0.062,84.2,0xe0006
14:36:56.452,1775763416452,2.04,2400,11.1,0.0,100.0,100.0,3.3,0.0,0.602,84.8,0xe0008
14:36:56.957,1775763416957,2.04,2400,0.0,2.0,100.0,100.0,3.3,0.0,0.201,84.2,0xe0008
14:36:57.462,1775763417462,2.04,2400,0.0,0.0,100.0,100.0,3.3,0.0,0.062,85.3,0xe0006
14:36:57.967,1775763417967,2.04,2400,0.0,0.0,100.0,100.0,3.3,0.0,0.062,83.2,0xe0008
14:36:58.473,1775763418473,2.04,2400,0.0,0.0,100.0,100.0,3.3,0.0,0.062,83.7,0xe0008
14:36:58.978,1775763418978,2.04,2400,0.0,0.0,100.0,100.0,3.3,0.0,0.062,84.2,0xe0008
14:36:59.483,1775763419483,2.04,2400,0.0,0.0,100.0,100.0,3.3,0.0,0.062,84.2,0xe0008
14:36:59.988,1775763419988,2.04,2400,2.0,0.0,100.0,100.0,3.3,0.0,0.062,82.6,0xe0008
14:37:00.493,1775763420493,2.04,2400,1.9,0.0,100.0,100.0,3.3,0.0,0.062,82.6,0xe0008
14:37:00.998,1775763420998,2.04,2400,0.0,0.0,100.0,98.0,3.3,0.0,0.062,82.6,0xe0008
14:37:01.503,1775763421503,2.04,2400,5.9,0.0,100.0,100.0,3.3,0.0,0.619,84.8,0xe0006
14:37:02.008,1775763422008,2.04,2400,6.1,0.0,100.0,100.0,3.3,0.0,0.186,84.8,0xe0008
14:37:02.513,1775763422513,2.04,2400,0.0,0.0,100.0,100.0,3.3,0.0,0.093,84.2,0xe0008
14:37:03.019,1775763423019,2.03,2400,0.0,0.0,100.0,100.0,3.3,0.0,0.062,84.8,0xe0008
14:37:03.524,1775763423524,2.03,2400,0.0,0.0,100.0,100.0,3.3,0.0,3.031,85.3,0xe0008
14:37:04.029,1775763424029,2.03,2400,0.0,0.0,100.0,100.0,3.3,0.0,0.062,84.8,0xe0008
14:37:04.534,1775763424534,2.03,2400,11.3,0.0,100.0,100.0,3.3,0.0,0.062,84.2,0xe0008
14:37:05.039,1775763425039,2.03,2400,0.0,0.0,100.0,100.0,3.3,0.0,0.124,83.7,0xe0008
14:37:05.544,1775763425544,2.03,2400,1.9,0.0,100.0,100.0,3.3,0.0,0.062,83.7,0xe0008
14:37:06.049,1775763426049,2.03,2400,0.0,0.0,100.0,98.0,3.3,0.0,0.062,84.2,0xe0008
14:37:06.554,1775763426554,2.03,2400,1.9,0.0,100.0,100.0,3.3,0.0,0.433,83.7,0xe0008
14:37:07.060,1775763427060,2.03,2400,10.6,0.0,100.0,100.0,3.3,0.0,0.34,84.8,0xe0008
14:37:07.565,1775763427565,2.03,2400,2.0,0.0,100.0,100.0,3.3,0.0,0.201,83.7,0xe0008
14:37:08.070,1775763428070,2.03,2400,0.0,0.0,100.0,100.0,3.3,0.0,0.062,84.2,0xe0008
14:37:08.575,1775763428575,2.03,2400,0.0,0.0,100.0,100.0,3.3,0.0,0.062,84.2,0xe0008
14:37:09.080,1775763429080,2.03,2400,0.0,0.0,100.0,100.0,3.3,0.0,0.062,84.8,0xe0008
14:37:09.585,1775763429585,2.03,2400,0.0,2.0,100.0,100.0,3.3,0.0,0.062,84.2,0xe0006
14:37:10.090,1775763430090,2.03,2400,2.0,43.1,100.0,100.0,3.5,0.0,0.402,84.8,0xe0008
14:37:10.595,1775763430595,2.03,2400,2.0,8.2,100.0,98.0,3.3,0.0,0.201,83.7,0xe0008
14:37:11.101,1775763431101,2.03,2400,0.0,0.0,100.0,100.0,3.3,0.0,0.093,83.7,0xe0008
14:37:11.606,1775763431606,2.03,2400,0.0,0.0,100.0,100.0,3.3,0.0,0.062,84.2,0xe0008
14:37:12.111,1775763432111,2.03,2400,9.1,0.0,100.0,100.0,3.3,0.0,0.619,83.2,0xe0008
14:37:12.616,1775763432616,2.03,2400,0.0,0.0,100.0,100.0,3.3,0.0,0.201,84.8,0xe0008
14:37:13.121,1775763433121,2.11,2400,2.0,0.0,100.0,100.0,3.3,0.0,0.062,84.2,0xe0006
14:37:13.626,1775763433626,2.11,2400,0.0,0.0,100.0,100.0,3.3,0.0,0.263,84.2,0xe0008
14:37:14.131,1775763434131,2.11,2400,0.0,0.0,100.0,100.0,3.3,0.0,0.062,84.8,0xe0006
14:37:14.636,1775763434636,2.11,2400,0.0,0.0,100.0,100.0,3.3,0.0,0.062,84.8,0xe0006
14:37:15.142,1775763435142,2.11,2400,2.0,0.0,100.0,100.0,3.3,0.0,0.062,83.2,0xe0008
14:37:15.647,1775763435647,2.11,2400,0.0,0.0,100.0,100.0,3.3,0.0,0.062,83.7,0xe0006
14:37:16.152,1775763436152,2.11,2400,0.0,0.0,100.0,98.0,3.3,0.0,0.062,83.2,0xe0008
14:37:16.657,1775763436657,2.11,2400,0.0,0.0,100.0,100.0,3.3,0.0,0.062,85.9,0xe0006
14:37:17.162,1775763437162,2.11,2400,16.1,0.0,100.0,100.0,3.3,0.0,0.634,82.6,0xe0008
14:37:17.667,1775763437667,2.11,2400,0.0,2.1,100.0,100.0,3.3,0.0,0.201,84.2,0xe0006
14:37:18.172,1775763438172,2.1,2400,2.0,0.0,100.0,100.0,3.3,0.0,0.062,84.8,0xe0008
14:37:18.677,1775763438677,2.1,2400,1.8,0.0,100.0,100.0,3.3,0.0,0.062,84.8,0xe0008
14:37:19.182,1775763439182,2.1,2400,0.0,0.0,100.0,100.0,3.3,0.0,0.062,84.8,0xe0008
14:37:19.688,1775763439688,2.1,2400,0.0,0.0,100.0,100.0,3.3,0.0,0.062,83.7,0xe0008
14:37:20.193,1775763440193,2.1,2400,0.0,0.0,100.0,100.0,3.3,0.0,0.062,84.2,0xe0006
14:37:20.698,1775763440698,2.1,2400,8.0,0.0,100.0,100.0,3.3,0.0,0.062,84.2,0xe0008
14:37:21.203,1775763441203,2.1,2400,2.0,38.0,100.0,98.0,3.5,0.0,0.077,84.2,0xe0008
14:37:21.708,1775763441708,2.1,2400,0.0,0.0,100.0,100.0,3.5,0.0,0.108,84.2,0xe0006
14:37:22.213,1775763442213,2.1,2400,13.0,13.0,100.0,100.0,3.6,0.0,1.175,84.2,0xe0008
14:37:22.718,1775763442718,2.09,2400,4.3,16.7,100.0,100.0,3.3,0.0,0.17,84.8,0xe0008
14:37:23.223,1775763443223,2.09,2400,0.0,0.0,100.0,100.0,3.3,0.0,0.093,84.2,0xe0006
14:37:23.729,1775763443729,2.09,2400,0.0,2.0,100.0,100.0,3.3,0.0,0.062,83.2,0xe0008
14:37:24.234,1775763444234,2.09,2400,0.0,0.0,100.0,100.0,3.3,0.0,0.062,85.9,0xe0008
14:37:24.739,1775763444739,2.09,2400,0.0,0.0,100.0,100.0,3.3,0.0,0.062,84.8,0xe0006
14:37:25.244,1775763445244,2.09,2400,0.0,0.0,100.0,100.0,3.3,0.0,0.062,84.2,0xe0008
14:37:25.749,1775763445749,2.09,2400,0.0,0.0,100.0,100.0,3.3,0.0,0.062,85.3,0xe0006
14:37:26.254,1775763446254,2.09,2400,1.9,0.0,100.0,98.1,3.3,0.0,0.062,82.0,0xe0008
14:37:26.759,1775763446759,2.09,2400,0.0,0.0,100.0,100.0,3.3,0.0,0.077,84.8,0xe0006
14:37:27.264,1775763447264,2.09,2400,0.0,0.0,100.0,100.0,3.3,0.0,0.449,84.2,0xe0008
14:37:27.769,1775763447769,2.08,2400,11.3,0.0,100.0,100.0,3.3,0.0,0.34,84.8,0xe0008
14:37:28.275,1775763448275,2.08,2400,0.0,0.0,100.0,100.0,3.3,0.0,0.201,84.8,0xe0008
14:37:28.780,1775763448780,2.08,2400,2.0,0.0,100.0,98.0,3.3,0.0,0.062,85.9,0xe0006
14:37:29.285,1775763449285,2.08,2400,0.0,0.0,100.0,100.0,3.3,0.0,0.124,84.2,0xe0006
14:37:29.790,1775763449790,2.08,2400,0.0,0.0,100.0,100.0,3.3,0.0,0.062,84.8,0xe0008
14:37:30.295,1775763450295,2.08,2400,0.0,0.0,100.0,100.0,3.3,0.0,0.062,85.3,0xe0008
14:37:30.800,1775763450800,2.08,2400,0.0,0.0,100.0,100.0,3.3,0.0,0.062,83.2,0xe0006
14:37:31.305,1775763451305,2.08,2400,0.0,0.0,100.0,100.0,3.3,0.0,0.062,83.7,0xe0008
14:37:31.810,1775763451810,2.08,2400,2.0,0.0,100.0,100.0,3.3,0.0,0.062,83.2,0xe0008
14:37:32.316,1775763452316,2.08,2400,0.0,0.0,100.0,100.0,3.3,0.0,0.062,83.2,0xe0008
14:37:32.821,1775763452821,2.16,2400,16.3,0.0,100.0,100.0,3.3,0.0,0.619,85.3,0xe0006
14:37:33.326,1775763453326,2.16,2400,0.0,0.0,100.0,100.0,3.3,0.0,0.217,83.2,0xe0008
14:37:33.831,1775763453831,2.16,2400,1.9,0.0,100.0,100.0,3.3,0.0,0.062,84.8,0xe0006
14:37:34.336,1775763454336,2.16,2400,0.0,0.0,100.0,98.0,3.3,0.0,0.062,85.3,0xe0006
14:37:34.841,1775763454841,2.16,2400,0.0,0.0,100.0,100.0,3.3,0.0,0.062,83.7,0xe0008
14:37:35.346,1775763455346,2.16,2400,0.0,0.0,100.0,100.0,3.3,0.0,0.062,83.2,0xe0008
14:37:35.851,1775763455851,2.16,2400,0.0,0.0,100.0,100.0,3.3,0.0,0.062,83.7,0xe0008
14:37:36.356,1775763456356,2.16,2400,0.0,0.0,100.0,100.0,3.3,0.0,0.062,83.7,0xe0008
14:37:36.862,1775763456862,2.16,2400,7.5,0.0,100.0,100.0,3.3,0.0,0.077,84.2,0xe0008
14:37:37.367,1775763457367,2.16,2400,0.0,0.0,100.0,100.0,3.3,0.0,0.093,85.3,0xe0006
14:37:37.873,1775763457873,2.14,2400,11.3,0.0,100.0,100.0,3.3,0.0,0.618,84.2,0xe0006
14:37:38.378,1775763458378,2.14,2400,0.0,0.0,100.0,100.0,3.3,0.0,0.201,84.2,0xe0006
14:37:38.883,1775763458883,2.14,2400,0.0,0.0,100.0,98.1,3.3,0.0,0.093,83.7,0xe0008
14:37:39.388,1775763459388,2.14,2400,0.0,0.0,100.0,100.0,3.3,0.0,3.836,85.3,0xe0008
14:37:39.893,1775763459893,2.14,2400,0.0,0.0,100.0,100.0,3.3,0.0,0.077,83.2,0xe0008
14:37:40.398,1775763460398,2.14,2400,2.1,0.0,100.0,100.0,3.3,0.0,0.062,84.8,0xe0008
14:37:40.903,1775763460903,2.14,2400,0.0,1.9,100.0,100.0,3.3,0.0,0.062,84.2,0xe0006
14:37:41.409,1775763461409,2.14,2400,0.0,0.0,100.0,100.0,3.3,0.0,0.062,83.7,0xe0008
14:37:41.914,1775763461914,2.14,2400,0.0,0.0,100.0,100.0,3.3,0.0,0.062,84.8,0xe0008
14:37:42.419,1775763462419,2.14,2400,2.0,0.0,100.0,100.0,3.3,0.0,0.062,84.8,0xe0008
14:37:42.924,1775763462924,2.13,2400,9.3,0.0,100.0,100.0,3.3,0.0,0.603,83.7,0xe0008
14:37:43.429,1775763463429,2.13,2400,0.0,0.0,100.0,100.0,3.3,0.0,0.186,84.8,0xe0006
14:37:43.934,1775763463934,2.13,2400,0.0,0.0,100.0,100.0,3.3,0.0,0.093,82.6,0xe0008
14:37:44.439,1775763464439,2.13,2400,3.9,0.0,100.0,98.1,3.3,0.0,3.14,83.2,0xe0008
14:37:44.944,1775763464944,2.13,2400,0.0,0.0,100.0,100.0,3.3,0.0,0.077,84.2,0xe0008
14:37:45.450,1775763465450,2.13,2400,0.0,0.0,100.0,100.0,3.3,0.0,0.062,83.7,0xe0008
14:37:45.955,1775763465955,2.13,2400,1.9,0.0,100.0,100.0,3.3,0.0,0.062,84.8,0xe0008
14:37:46.460,1775763466460,2.13,2400,0.0,0.0,100.0,100.0,3.3,0.0,0.077,83.2,0xe0008
14:37:46.965,1775763466965,2.13,2400,0.0,0.0,100.0,100.0,3.3,0.0,0.077,84.2,0xe0006
14:37:47.470,1775763467470,2.13,2400,0.0,1.9,100.0,100.0,3.3,0.0,0.093,84.8,0xe0008
14:37:47.975,1775763467975,2.12,2400,2.0,0.0,100.0,100.0,3.3,0.0,0.418,84.2,0xe0008
14:37:48.480,1775763468480,2.12,2400,13.5,0.0,100.0,100.0,3.3,0.0,0.371,83.7,0xe0008
14:37:48.985,1775763468985,2.12,2400,0.0,0.0,100.0,100.0,3.3,0.0,0.093,85.3,0xe0008
14:37:49.491,1775763469491,2.12,2400,0.0,0.0,100.0,98.0,3.3,0.0,0.062,84.8,0xe0006
14:37:49.996,1775763469996,2.12,2400,0.0,0.0,100.0,100.0,3.3,0.0,0.062,83.2,0xe0008
14:37:50.501,1775763470501,2.12,2400,0.0,0.0,100.0,100.0,3.3,0.0,0.062,84.8,0xe0008
14:37:51.006,1775763471006,2.12,2400,3.8,0.0,100.0,100.0,3.3,0.0,0.062,83.7,0xe0006
14:37:51.511,1775763471511,2.12,2400,0.0,0.0,100.0,100.0,3.3,0.0,0.062,85.3,0xe0006
14:37:52.016,1775763472016,2.12,2400,0.0,0.0,100.0,100.0,3.3,0.0,0.062,84.2,0xe0008
14:37:52.521,1775763472521,2.12,2400,0.0,0.0,100.0,100.0,3.3,0.0,0.062,83.2,0xe0006
14:37:53.026,1775763473026,2.11,2400,9.6,31.5,100.0,100.0,3.5,0.0,0.062,85.3,0xe0008
14:37:53.531,1775763473531,2.11,2400,0.0,8.0,100.0,100.0,3.5,0.0,0.619,85.9,0xe0006
14:37:54.037,1775763474037,2.11,2400,0.0,0.0,100.0,100.0,3.5,0.0,0.093,84.8,0xe0008
14:37:54.542,1775763474542,2.11,2400,3.7,25.5,100.0,98.1,3.3,0.0,0.681,84.2,0xe0006
14:37:55.047,1775763475047,2.11,2400,0.0,0.0,100.0,100.0,3.3,0.0,0.217,84.8,0xe0006
14:37:55.552,1775763475552,2.11,2400,0.0,0.0,100.0,100.0,3.3,0.0,0.093,83.7,0xe0008
14:37:56.057,1775763476057,2.11,2400,1.9,0.0,100.0,100.0,3.3,0.0,0.062,83.2,0xe0008
14:37:56.562,1775763476562,2.11,2400,0.0,0.0,100.0,100.0,3.3,0.0,0.062,83.7,0xe0008
14:37:57.067,1775763477067,2.11,2400,0.0,2.0,100.0,100.0,3.3,0.0,0.062,84.8,0xe0008
14:37:57.572,1775763477572,2.11,2400,0.0,0.0,100.0,100.0,3.3,0.0,0.077,84.8,0xe0008
14:37:58.078,1775763478078,2.1,2400,1.9,0.0,100.0,100.0,3.3,0.0,0.093,83.7,0xe0006
14:37:58.583,1775763478583,2.1,2400,9.8,0.0,100.0,100.0,3.3,0.0,0.217,83.7,0xe0008
14:37:59.088,1775763479088,2.1,2400,2.0,0.0,100.0,100.0,3.3,0.0,0.17,84.8,0xe0008
14:37:59.593,1775763479593,2.1,2400,0.0,0.0,100.0,98.0,3.3,0.0,0.093,84.8,0xe0008
14:38:00.098,1775763480098,2.1,2400,0.0,0.0,100.0,100.0,3.3,0.0,0.062,83.2,0xe0008
14:38:00.603,1775763480603,2.1,2400,0.0,0.0,100.0,100.0,3.3,0.0,0.062,83.2,0xe0008
14:38:01.108,1775763481108,2.1,2400,0.0,0.0,100.0,100.0,3.3,0.0,0.062,84.2,0xe0008
14:38:01.613,1775763481613,2.1,2400,0.0,0.0,100.0,100.0,3.3,0.0,0.062,83.7,0xe0008
14:38:02.118,1775763482118,2.1,2400,72.0,19.6,100.0,100.0,3.3,0.0,0.278,84.2,0xe0008
14:38:02.624,1775763482624,2.1,2400,0.0,0.0,100.0,100.0,3.3,0.0,0.201,85.9,0xe0006
14:38:03.129,1775763483129,2.09,2400,0.0,0.0,100.0,100.0,3.3,0.0,0.108,85.3,0xe0008
14:38:03.634,1775763483634,2.09,2400,0.0,8.0,100.0,100.0,3.3,0.0,0.588,84.8,0xe0006
14:38:04.139,1775763484139,2.09,2400,0.0,0.0,100.0,100.0,3.3,0.0,0.201,85.9,0xe0008
14:38:04.644,1775763484644,2.09,2400,0.0,2.0,100.0,98.0,3.3,0.0,0.062,85.9,0xe0006
14:38:05.149,1775763485149,2.09,2400,0.0,1.9,100.0,100.0,3.3,0.0,0.062,84.8,0xe0006
14:38:05.654,1775763485654,2.09,2400,0.0,0.0,100.0,100.0,3.3,0.0,0.062,84.2,0xe0008
14:38:06.159,1775763486159,2.09,2400,0.0,0.0,100.0,100.0,3.3,0.0,0.062,82.6,0xe0008
14:38:06.665,1775763486665,2.09,2400,0.0,0.0,100.0,100.0,3.3,0.0,0.062,84.8,0xe0008
14:38:07.170,1775763487170,2.09,2400,0.0,2.0,100.0,100.0,3.3,0.0,0.062,83.7,0xe0006
14:38:07.675,1775763487675,2.09,2400,0.0,0.0,100.0,100.0,3.3,0.0,0.077,83.7,0xe0008
14:38:08.180,1775763488180,2.09,2400,0.0,0.0,100.0,100.0,3.3,0.0,0.093,84.8,0xe0008
14:38:08.685,1775763488685,2.09,2400,0.0,7.7,100.0,100.0,3.3,0.0,0.572,83.2,0xe0008
14:38:09.191,1775763489191,2.09,2400,7.8,2.0,100.0,100.0,3.3,0.0,0.186,84.8,0xe0006
14:38:09.696,1775763489696,2.09,2400,0.0,0.0,100.0,100.0,3.3,0.0,0.093,83.7,0xe0008
14:38:10.201,1775763490201,2.09,2400,0.0,0.0,100.0,100.0,3.3,0.0,0.062,83.2,0xe0006
14:38:10.706,1775763490706,2.09,2400,0.0,0.0,100.0,98.0,3.3,0.0,0.062,84.8,0xe0008
14:38:11.211,1775763491211,2.09,2400,0.0,0.0,100.0,100.0,3.3,0.0,0.062,83.2,0xe0008
14:38:11.716,1775763491716,2.09,2400,0.0,1.9,100.0,100.0,3.3,0.0,0.062,83.7,0xe0008
14:38:12.221,1775763492221,2.09,2400,0.0,0.0,100.0,100.0,3.3,0.0,0.062,84.2,0xe0006
14:38:12.726,1775763492726,2.09,2400,0.0,0.0,100.0,100.0,3.3,0.0,0.062,85.3,0xe0006
14:38:13.232,1775763493232,2.08,2400,1.9,0.0,100.0,100.0,3.3,0.0,0.062,84.8,0xe0006
14:38:13.737,1775763493737,2.08,2400,0.0,2.0,100.0,100.0,3.3,0.0,0.433,83.2,0xe0008
14:38:14.242,1775763494242,2.08,2400,1.9,16.1,100.0,100.0,3.3,0.0,0.356,83.7,0xe0008
14:38:14.747,1775763494747,2.08,2400,0.0,0.0,100.0,100.0,3.3,0.0,0.093,85.9,0xe0008
14:38:15.252,1775763495252,2.08,2400,0.0,0.0,100.0,100.0,3.3,0.0,3.82,84.8,0xe0008
14:38:15.757,1775763495757,2.08,2400,0.0,0.0,100.0,100.0,3.3,0.0,0.093,83.7,0xe0008
14:38:16.262,1775763496262,2.08,2400,0.0,0.0,100.0,100.0,3.3,0.0,0.062,84.2,0xe0006
14:38:16.767,1775763496767,2.08,2400,0.0,0.0,100.0,98.0,3.3,0.0,0.062,82.6,0xe0006
14:38:17.272,1775763497272,2.08,2400,0.0,1.9,100.0,100.0,3.3,0.0,0.062,84.2,0xe0008
14:38:17.778,1775763497778,2.07,2400,0.0,0.0,100.0,100.0,3.3,0.0,0.077,83.7,0xe0006
14:38:18.283,1775763498283,2.07,2400,0.0,0.0,100.0,100.0,3.3,0.0,0.155,84.8,0xe0008
14:38:18.788,1775763498788,2.07,2400,0.0,0.0,100.0,100.0,3.3,0.0,0.062,84.2,0xe0006
14:38:19.293,1775763499293,2.07,2400,0.0,12.0,100.0,100.0,3.3,0.0,0.727,83.7,0xe0008
14:38:19.798,1775763499798,2.07,2400,1.9,0.0,100.0,100.0,3.3,0.0,0.201,83.2,0xe0008
14:38:20.303,1775763500303,2.07,2400,0.0,0.0,100.0,100.0,3.3,0.0,0.062,84.2,0xe0008
14:38:20.808,1775763500808,2.07,2400,0.0,2.0,100.0,100.0,3.3,0.0,3.526,84.8,0xe0008
14:38:21.313,1775763501313,2.07,2400,1.9,12.0,100.0,100.0,3.3,0.0,0.634,84.8,0xe0006
14:38:21.819,1775763501819,2.07,2400,0.0,1.9,100.0,100.0,3.3,0.0,0.186,85.3,0xe0008
14:38:22.324,1775763502324,2.07,2400,0.0,0.0,100.0,100.0,3.3,0.0,0.093,84.2,0xe0006
14:38:22.829,1775763502829,2.07,2400,0.0,1.9,100.0,98.1,3.3,0.0,0.062,83.7,0xe0008
14:38:23.334,1775763503334,2.07,2400,0.0,0.0,100.0,100.0,3.3,0.0,0.062,84.8,0xe0008
14:38:23.839,1775763503839,2.07,2400,0.0,0.0,100.0,100.0,3.3,0.0,0.062,85.3,0xe0008
14:38:24.348,1775763504348,2.07,2400,0.0,8.2,100.0,100.0,3.3,0.0,0.629,85.9,0xe0008
14:38:24.853,1775763504853,2.07,2400,2.0,0.0,100.0,100.0,3.3,0.0,0.17,83.7,0xe0008
14:38:25.358,1775763505358,2.07,2400,69.8,37.7,100.0,30.2,3.5,0.0,0.108,85.3,0xe0008
14:38:25.863,1775763505863,2.07,2400,100.0,0.0,100.0,10.0,3.5,0.0,0.108,84.2,0xe0000
14:38:26.368,1775763506368,2.07,2400,100.0,30.6,100.0,0.0,3.3,0.0,0.588,85.9,0xe0008
14:38:26.874,1775763506874,2.07,2400,100.0,0.0,100.0,0.0,3.3,0.0,0.201,83.7,0xe0008
14:38:27.379,1775763507379,2.07,2400,100.0,2.1,100.0,0.0,3.3,0.0,0.108,84.2,0xe0008
14:38:27.884,1775763507884,2.06,2400,98.0,2.0,100.0,0.0,3.3,0.0,0.062,83.2,0xe0008
14:38:28.389,1775763508389,2.06,2400,100.0,0.0,100.0,0.0,3.3,0.0,0.077,84.8,0xe0008
14:38:28.894,1775763508894,2.06,2400,100.0,0.0,100.0,0.0,3.3,0.0,0.093,84.2,0xe0008
14:38:29.399,1775763509399,2.06,2400,100.0,0.0,100.0,2.0,3.3,0.0,0.433,84.8,0xe0008
14:38:29.904,1775763509904,2.06,2400,100.0,14.3,100.0,2.0,3.3,0.0,0.418,83.7,0xe0008
14:38:30.409,1775763510409,2.06,2400,100.0,0.0,100.0,0.0,3.3,0.0,0.093,83.2,0xe0008
14:38:30.915,1775763510915,2.06,2400,100.0,0.0,100.0,2.0,3.3,0.0,0.062,83.7,0xe0008
14:38:31.420,1775763511420,2.06,2400,100.0,0.0,100.0,0.0,3.3,0.0,0.062,84.8,0xe0008
14:38:31.925,1775763511925,2.06,2400,100.0,0.0,100.0,2.0,3.3,0.0,0.062,83.2,0xe0008
14:38:32.430,1775763512430,2.06,2400,100.0,0.0,100.0,0.0,3.3,0.0,0.062,84.2,0xe0008
14:38:32.935,1775763512935,2.06,2400,98.1,0.0,100.0,0.0,3.3,0.0,0.062,83.7,0xe0008
14:38:33.440,1775763513440,2.06,2400,100.0,0.0,100.0,0.0,3.3,0.0,0.062,85.3,0xe0006
14:38:33.945,1775763513945,2.06,2400,100.0,0.0,100.0,0.0,3.3,0.0,0.062,83.2,0xe0008
14:38:34.450,1775763514450,2.06,2400,100.0,0.0,100.0,0.0,3.3,0.0,0.062,84.8,0xe0006
14:38:34.955,1775763514955,2.06,2400,100.0,14.0,100.0,0.0,3.3,0.0,0.742,84.8,0xe0006
14:38:35.461,1775763515461,2.06,2400,100.0,0.0,100.0,0.0,3.3,0.0,0.217,84.8,0xe0006
14:38:35.966,1775763515966,2.06,2400,100.0,0.0,100.0,0.0,3.3,0.0,0.062,83.7,0xe0008
14:38:36.471,1775763516471,2.06,2400,100.0,0.0,100.0,0.0,3.3,0.0,0.062,85.3,0xe0006
14:38:36.976,1775763516976,2.06,2400,100.0,0.0,100.0,2.0,3.3,0.0,0.062,83.7,0xe0008
14:38:37.481,1775763517481,2.06,2400,100.0,0.0,100.0,0.0,3.3,0.0,0.062,84.2,0xe0006
14:38:37.986,1775763517986,2.05,2400,98.0,0.0,100.0,0.0,3.3,0.0,0.062,83.7,0xe0008
14:38:38.491,1775763518491,2.05,2400,100.0,0.0,100.0,2.0,3.3,0.0,0.077,85.3,0xe0006
14:38:38.996,1775763518996,2.05,2400,100.0,0.0,100.0,1.9,3.3,0.0,0.093,84.2,0xe0006
14:38:39.501,1775763519501,2.05,2400,100.0,0.0,100.0,0.0,3.3,0.0,0.062,82.6,0xe0008
14:38:40.007,1775763520007,2.05,2400,100.0,10.0,100.0,0.0,3.3,0.0,0.65,83.7,0xe0008
14:38:40.512,1775763520512,2.05,2400,100.0,0.0,100.0,0.0,3.3,0.0,0.201,85.3,0xe0008
14:38:41.017,1775763521017,2.05,2400,100.0,0.0,100.0,0.0,3.3,0.0,0.062,84.8,0xe0006
14:38:41.522,1775763521522,2.05,2400,100.0,0.0,100.0,0.0,3.3,0.0,0.062,84.2,0xe0008
14:38:42.027,1775763522027,2.05,2400,100.0,0.0,100.0,0.0,3.3,0.0,0.062,84.8,0xe0008
14:38:42.532,1775763522532,2.05,2400,23.5,0.0,100.0,86.0,3.3,0.0,0.124,84.2,0xe0006
14:38:43.037,1775763523037,2.05,2400,0.0,0.0,100.0,100.0,3.3,0.0,0.062,84.2,0xe0008
14:38:43.542,1775763523542,2.05,2400,0.0,0.0,100.0,100.0,3.3,0.0,0.062,84.2,0xe0008
14:38:44.048,1775763524048,2.05,2400,1.9,0.0,100.0,100.0,3.3,0.0,0.062,85.3,0xe0008
14:38:44.553,1775763524553,2.05,2400,0.0,0.0,100.0,98.1,3.3,0.0,0.062,85.3,0xe0008
14:38:45.058,1775763525058,2.05,2400,0.0,11.5,100.0,100.0,3.3,0.0,0.665,84.2,0xe0008
14:38:45.563,1775763525563,2.05,2400,0.0,2.0,100.0,100.0,3.3,0.0,0.201,85.9,0xe0008
14:38:46.068,1775763526068,2.05,2400,0.0,0.0,100.0,100.0,3.3,0.0,0.093,85.9,0xe0008
14:38:46.573,1775763526573,2.05,2400,1.9,0.0,100.0,100.0,3.3,0.0,0.263,84.8,0xe0008
14:38:47.078,1775763527078,2.05,2400,0.0,0.0,100.0,100.0,3.3,0.0,0.062,84.8,0xe0008
14:38:47.583,1775763527583,2.05,2400,0.0,0.0,100.0,100.0,3.3,0.0,0.062,83.7,0xe0008
14:38:48.088,1775763528088,2.04,2400,0.0,1.9,100.0,100.0,3.3,0.0,0.062,83.7,0xe0008
14:38:48.594,1775763528594,2.04,2400,0.0,0.0,100.0,100.0,3.3,0.0,0.093,84.2,0xe0008
14:38:49.099,1775763529099,2.04,2400,0.0,0.0,100.0,100.0,3.3,0.0,0.093,84.8,0xe0008
14:38:49.604,1775763529604,2.04,2400,0.0,0.0,100.0,98.0,3.3,0.0,0.062,83.7,0xe0008
14:38:50.109,1775763530109,2.04,2400,1.9,1.9,100.0,100.0,3.3,0.0,0.449,85.9,0xe0006
